BJUTmydt-04	RTS1	0.000	40.000
BJUTmydt-04	RTS2	0.000	39.000
BJUTmydt-04	RTS4	0.000	51.000
BJUTmydt-04	RTS5	1.000	49.000
BJUTmydt-04	RTS6	1.000	54.000
BJUTmydt-04	RTS10	0.000	44.000
BJUTmydt-04	RTS13	0.000	48.000
BJUTmydt-04	RTS14	0.000	54.000
BJUTmydt-04	RTS19	0.000	47.000
BJUTmydt-04	RTS21	0.000	49.000
BJUTmydt-04	RTS24	0.000	55.000
BJUTmydt-04	RTS25	0.000	52.000
BJUTmydt-04	RTS27	0.000	46.000
BJUTmydt-04	RTS28	0.000	38.000
BJUTmydt-04	RTS31	0.000	54.000
BJUTmydt-04	RTS32	0.000	52.000
BJUTmydt-04	RTS35	0.000	50.000
BJUTmydt-04	RTS36	0.000	42.000
BJUTmydt-04	RTS37	2.000	48.000
BJUTmydt-04	RTS43	1.000	54.000
BJUTmydt-04	MB226	0.000	39.000
BJUTmydt-04	MB229	0.000	56.000
BJUTmydt-04	MB230	0.000	49.000
BJUTmydt-04	MB239	0.000	50.000
BJUTmydt-04	MB254	0.000	33.000
BJUTmydt-04	MB256	0.000	48.000
BJUTmydt-04	MB258	0.000	52.000
BJUTmydt-04	MB265	0.000	32.000
BJUTmydt-04	MB267	0.000	38.000
BJUTmydt-04	MB276	0.000	38.000
BJUTmydt-04	MB286	0.000	51.000
BJUTmydt-04	MB319	0.000	48.000
BJUTmydt-04	MB320	0.000	43.000
BJUTmydt-04	MB332	1.000	26.000
BJUTmydt-04	MB351	0.000	56.000
BJUTmydt-04	MB358	1.000	50.000
BJUTmydt-04	MB361	0.000	52.000
BJUTmydt-04	MB362	0.000	50.000
BJUTmydt-04	MB363	0.000	50.000
BJUTmydt-04	MB365	0.000	55.000
BJUTmydt-04	MB371	1.000	47.000
BJUTmydt-04	MB377	2.000	44.000
BJUTmydt-04	MB381	0.000	47.000
BJUTmydt-04	MB382	0.000	45.000
BJUTmydt-04	MB391	1.000	49.000
BJUTmydt-04	MB392	0.000	50.000
BJUTmydt-04	MB409	0.000	51.000
BJUTmydt-04	MB410	0.000	41.000
BJUTmydt-04	MB414	0.000	51.000
BJUTmydt-04	MB419	0.000	48.000
BJUTmydt-04	MB420	0.000	49.000
BJUTmydt-04	MB425	0.000	48.000
BJUTmydt-04	MB431	0.000	49.000
BJUTmydt-04	MB436	0.000	50.000
BJUTmydt-04	MB438	0.000	48.000
BJUTmydt-04	MB440	1.000	51.000
BJUTmydt-04	AVG	0.214	47.321
BJUTmydt-05	RTS1	0.000	33.000
BJUTmydt-05	RTS2	0.000	31.000
BJUTmydt-05	RTS4	0.000	34.000
BJUTmydt-05	RTS5	0.000	33.000
BJUTmydt-05	RTS6	0.000	34.000
BJUTmydt-05	RTS10	0.000	33.000
BJUTmydt-05	RTS13	0.000	33.000
BJUTmydt-05	RTS14	0.000	33.000
BJUTmydt-05	RTS19	0.000	33.000
BJUTmydt-05	RTS21	0.000	33.000
BJUTmydt-05	RTS24	0.000	33.000
BJUTmydt-05	RTS25	0.000	33.000
BJUTmydt-05	RTS27	0.000	33.000
BJUTmydt-05	RTS28	0.000	33.000
BJUTmydt-05	RTS31	0.000	43.000
BJUTmydt-05	RTS32	0.000	33.000
BJUTmydt-05	RTS35	0.000	34.000
BJUTmydt-05	RTS36	0.000	33.000
BJUTmydt-05	RTS37	0.000	33.000
BJUTmydt-05	RTS43	1.000	32.000
BJUTmydt-05	MB226	1.000	32.000
BJUTmydt-05	MB229	0.000	33.000
BJUTmydt-05	MB230	0.000	32.000
BJUTmydt-05	MB239	0.000	34.000
BJUTmydt-05	MB254	0.000	33.000
BJUTmydt-05	MB256	0.000	33.000
BJUTmydt-05	MB258	0.000	31.000
BJUTmydt-05	MB265	0.000	33.000
BJUTmydt-05	MB267	0.000	33.000
BJUTmydt-05	MB276	0.000	34.000
BJUTmydt-05	MB286	0.000	33.000
BJUTmydt-05	MB319	0.000	31.000
BJUTmydt-05	MB320	1.000	31.000
BJUTmydt-05	MB332	0.000	32.000
BJUTmydt-05	MB351	0.000	48.000
BJUTmydt-05	MB358	0.000	45.000
BJUTmydt-05	MB361	0.000	33.000
BJUTmydt-05	MB362	0.000	36.000
BJUTmydt-05	MB363	0.000	37.000
BJUTmydt-05	MB365	0.000	33.000
BJUTmydt-05	MB371	0.000	33.000
BJUTmydt-05	MB377	0.000	34.000
BJUTmydt-05	MB381	0.000	33.000
BJUTmydt-05	MB382	0.000	33.000
BJUTmydt-05	MB391	1.000	32.000
BJUTmydt-05	MB392	1.000	31.000
BJUTmydt-05	MB409	0.000	30.000
BJUTmydt-05	MB410	0.000	33.000
BJUTmydt-05	MB414	0.000	32.000
BJUTmydt-05	MB419	0.000	33.000
BJUTmydt-05	MB420	0.000	33.000
BJUTmydt-05	MB425	0.000	32.000
BJUTmydt-05	MB431	0.000	33.000
BJUTmydt-05	MB436	0.000	33.000
BJUTmydt-05	MB438	0.000	33.000
BJUTmydt-05	MB440	3.000	45.000
BJUTmydt-05	AVG	0.143	33.750
BJUTmyrf-03	RTS1	2.000	48.000
BJUTmyrf-03	RTS2	0.000	50.000
BJUTmyrf-03	RTS4	1.000	52.000
BJUTmyrf-03	RTS5	2.000	51.000
BJUTmyrf-03	RTS6	0.000	54.000
BJUTmyrf-03	RTS10	10.000	31.000
BJUTmyrf-03	RTS13	4.000	48.000
BJUTmyrf-03	RTS14	0.000	50.000
BJUTmyrf-03	RTS19	0.000	51.000
BJUTmyrf-03	RTS21	1.000	46.000
BJUTmyrf-03	RTS24	0.000	52.000
BJUTmyrf-03	RTS25	3.000	51.000
BJUTmyrf-03	RTS27	0.000	53.000
BJUTmyrf-03	RTS28	0.000	52.000
BJUTmyrf-03	RTS31	1.000	52.000
BJUTmyrf-03	RTS32	1.000	53.000
BJUTmyrf-03	RTS35	1.000	46.000
BJUTmyrf-03	RTS36	0.000	35.000
BJUTmyrf-03	RTS37	0.000	51.000
BJUTmyrf-03	RTS43	0.000	53.000
BJUTmyrf-03	MB226	0.000	42.000
BJUTmyrf-03	MB229	6.000	40.000
BJUTmyrf-03	MB230	0.000	44.000
BJUTmyrf-03	MB239	0.000	40.000
BJUTmyrf-03	MB254	0.000	49.000
BJUTmyrf-03	MB256	0.000	49.000
BJUTmyrf-03	MB258	0.000	51.000
BJUTmyrf-03	MB265	0.000	47.000
BJUTmyrf-03	MB267	1.000	41.000
BJUTmyrf-03	MB276	0.000	52.000
BJUTmyrf-03	MB286	0.000	55.000
BJUTmyrf-03	MB319	0.000	42.000
BJUTmyrf-03	MB320	0.000	42.000
BJUTmyrf-03	MB332	0.000	42.000
BJUTmyrf-03	MB351	0.000	54.000
BJUTmyrf-03	MB358	0.000	54.000
BJUTmyrf-03	MB361	0.000	50.000
BJUTmyrf-03	MB362	2.000	48.000
BJUTmyrf-03	MB363	1.000	52.000
BJUTmyrf-03	MB365	0.000	51.000
BJUTmyrf-03	MB371	2.000	50.000
BJUTmyrf-03	MB377	1.000	51.000
BJUTmyrf-03	MB381	0.000	43.000
BJUTmyrf-03	MB382	0.000	32.000
BJUTmyrf-03	MB391	2.000	49.000
BJUTmyrf-03	MB392	1.000	54.000
BJUTmyrf-03	MB409	0.000	50.000
BJUTmyrf-03	MB410	0.000	46.000
BJUTmyrf-03	MB414	1.000	43.000
BJUTmyrf-03	MB419	0.000	47.000
BJUTmyrf-03	MB420	0.000	32.000
BJUTmyrf-03	MB425	0.000	28.000
BJUTmyrf-03	MB431	0.000	22.000
BJUTmyrf-03	MB436	0.000	50.000
BJUTmyrf-03	MB438	0.000	51.000
BJUTmyrf-03	MB440	0.000	53.000
BJUTmyrf-03	AVG	0.768	46.875
CCNUNLPrun1-06	RTS1	0.000	5.000
CCNUNLPrun1-06	RTS2	0.000	5.000
CCNUNLPrun1-06	RTS4	0.000	6.000
CCNUNLPrun1-06	RTS5	0.000	4.000
CCNUNLPrun1-06	RTS6	0.000	8.000
CCNUNLPrun1-06	RTS10	0.000	4.000
CCNUNLPrun1-06	RTS13	0.000	7.000
CCNUNLPrun1-06	RTS14	0.000	5.000
CCNUNLPrun1-06	RTS19	0.000	3.000
CCNUNLPrun1-06	RTS21	0.000	5.000
CCNUNLPrun1-06	RTS24	0.000	5.000
CCNUNLPrun1-06	RTS25	0.000	6.000
CCNUNLPrun1-06	RTS27	0.000	3.000
CCNUNLPrun1-06	RTS28	0.000	5.000
CCNUNLPrun1-06	RTS31	0.000	5.000
CCNUNLPrun1-06	RTS32	0.000	3.000
CCNUNLPrun1-06	RTS35	0.000	5.000
CCNUNLPrun1-06	RTS36	0.000	6.000
CCNUNLPrun1-06	RTS37	0.000	7.000
CCNUNLPrun1-06	RTS43	0.000	4.000
CCNUNLPrun1-06	MB226	0.000	3.000
CCNUNLPrun1-06	MB229	0.000	5.000
CCNUNLPrun1-06	MB230	0.000	6.000
CCNUNLPrun1-06	MB239	0.000	4.000
CCNUNLPrun1-06	MB254	0.000	7.000
CCNUNLPrun1-06	MB256	0.000	4.000
CCNUNLPrun1-06	MB258	0.000	5.000
CCNUNLPrun1-06	MB265	0.000	4.000
CCNUNLPrun1-06	MB267	0.000	2.000
CCNUNLPrun1-06	MB276	0.000	4.000
CCNUNLPrun1-06	MB286	0.000	6.000
CCNUNLPrun1-06	MB319	0.000	6.000
CCNUNLPrun1-06	MB320	0.000	6.000
CCNUNLPrun1-06	MB332	0.000	7.000
CCNUNLPrun1-06	MB351	0.000	4.000
CCNUNLPrun1-06	MB358	0.000	4.000
CCNUNLPrun1-06	MB361	0.000	5.000
CCNUNLPrun1-06	MB362	0.000	3.000
CCNUNLPrun1-06	MB363	0.000	4.000
CCNUNLPrun1-06	MB365	0.000	6.000
CCNUNLPrun1-06	MB371	0.000	4.000
CCNUNLPrun1-06	MB377	0.000	7.000
CCNUNLPrun1-06	MB381	0.000	4.000
CCNUNLPrun1-06	MB382	0.000	4.000
CCNUNLPrun1-06	MB391	0.000	8.000
CCNUNLPrun1-06	MB392	0.000	5.000
CCNUNLPrun1-06	MB409	0.000	2.000
CCNUNLPrun1-06	MB410	0.000	7.000
CCNUNLPrun1-06	MB414	0.000	4.000
CCNUNLPrun1-06	MB419	0.000	3.000
CCNUNLPrun1-06	MB420	0.000	8.000
CCNUNLPrun1-06	MB425	0.000	4.000
CCNUNLPrun1-06	MB431	0.000	4.000
CCNUNLPrun1-06	MB436	1.000	3.000
CCNUNLPrun1-06	MB438	0.000	5.000
CCNUNLPrun1-06	MB440	0.000	6.000
CCNUNLPrun1-06	AVG	0.018	4.893
CCNUNLPrun2-07	RTS1	0.000	6.000
CCNUNLPrun2-07	RTS2	0.000	6.000
CCNUNLPrun2-07	RTS4	0.000	5.000
CCNUNLPrun2-07	RTS5	0.000	5.000
CCNUNLPrun2-07	RTS6	0.000	8.000
CCNUNLPrun2-07	RTS10	0.000	5.000
CCNUNLPrun2-07	RTS13	0.000	9.000
CCNUNLPrun2-07	RTS14	0.000	7.000
CCNUNLPrun2-07	RTS19	0.000	5.000
CCNUNLPrun2-07	RTS21	0.000	6.000
CCNUNLPrun2-07	RTS24	0.000	4.000
CCNUNLPrun2-07	RTS25	0.000	5.000
CCNUNLPrun2-07	RTS27	0.000	8.000
CCNUNLPrun2-07	RTS28	0.000	7.000
CCNUNLPrun2-07	RTS31	0.000	4.000
CCNUNLPrun2-07	RTS32	0.000	5.000
CCNUNLPrun2-07	RTS35	0.000	8.000
CCNUNLPrun2-07	RTS36	0.000	4.000
CCNUNLPrun2-07	RTS37	0.000	6.000
CCNUNLPrun2-07	RTS43	0.000	6.000
CCNUNLPrun2-07	MB226	0.000	6.000
CCNUNLPrun2-07	MB229	0.000	5.000
CCNUNLPrun2-07	MB230	0.000	4.000
CCNUNLPrun2-07	MB239	0.000	6.000
CCNUNLPrun2-07	MB254	0.000	5.000
CCNUNLPrun2-07	MB256	0.000	6.000
CCNUNLPrun2-07	MB258	0.000	5.000
CCNUNLPrun2-07	MB265	0.000	8.000
CCNUNLPrun2-07	MB267	0.000	5.000
CCNUNLPrun2-07	MB276	0.000	5.000
CCNUNLPrun2-07	MB286	0.000	5.000
CCNUNLPrun2-07	MB319	0.000	5.000
CCNUNLPrun2-07	MB320	0.000	6.000
CCNUNLPrun2-07	MB332	0.000	5.000
CCNUNLPrun2-07	MB351	0.000	6.000
CCNUNLPrun2-07	MB358	0.000	4.000
CCNUNLPrun2-07	MB361	0.000	7.000
CCNUNLPrun2-07	MB362	0.000	4.000
CCNUNLPrun2-07	MB363	0.000	9.000
CCNUNLPrun2-07	MB365	0.000	7.000
CCNUNLPrun2-07	MB371	0.000	8.000
CCNUNLPrun2-07	MB377	0.000	4.000
CCNUNLPrun2-07	MB381	0.000	8.000
CCNUNLPrun2-07	MB382	0.000	4.000
CCNUNLPrun2-07	MB391	0.000	6.000
CCNUNLPrun2-07	MB392	0.000	4.000
CCNUNLPrun2-07	MB409	0.000	5.000
CCNUNLPrun2-07	MB410	0.000	5.000
CCNUNLPrun2-07	MB414	0.000	7.000
CCNUNLPrun2-07	MB419	0.000	6.000
CCNUNLPrun2-07	MB420	0.000	6.000
CCNUNLPrun2-07	MB425	0.000	6.000
CCNUNLPrun2-07	MB431	0.000	9.000
CCNUNLPrun2-07	MB436	0.000	6.000
CCNUNLPrun2-07	MB438	0.000	7.000
CCNUNLPrun2-07	MB440	0.000	8.000
CCNUNLPrun2-07	AVG	0.000	5.911
CLIP-A-1-08	RTS1	4.000	0.000
CLIP-A-1-08	RTS5	0.000	4.000
CLIP-A-1-08	RTS10	5.000	0.000
CLIP-A-1-08	RTS19	0.000	43.000
CLIP-A-1-08	RTS21	1.000	0.000
CLIP-A-1-08	RTS25	0.000	0.000
CLIP-A-1-08	RTS28	0.000	1.000
CLIP-A-1-08	RTS31	1.000	28.000
CLIP-A-1-08	RTS37	0.000	17.000
CLIP-A-1-08	MB229	3.000	4.000
CLIP-A-1-08	MB254	0.000	5.000
CLIP-A-1-08	MB362	1.000	0.000
CLIP-A-1-08	MB371	5.000	0.000
CLIP-A-1-08	MB381	1.000	1.000
CLIP-A-1-08	AVG	0.375	1.839
CLIP-A-2-09	RTS1	6.000	1.000
CLIP-A-2-09	RTS5	2.000	23.000
CLIP-A-2-09	RTS6	0.000	0.000
CLIP-A-2-09	RTS10	10.000	0.000
CLIP-A-2-09	RTS19	0.000	38.000
CLIP-A-2-09	RTS21	1.000	1.000
CLIP-A-2-09	RTS25	2.000	6.000
CLIP-A-2-09	RTS28	0.000	2.000
CLIP-A-2-09	RTS31	1.000	27.000
CLIP-A-2-09	RTS35	0.000	0.000
CLIP-A-2-09	RTS36	0.000	3.000
CLIP-A-2-09	RTS37	1.000	32.000
CLIP-A-2-09	MB229	7.000	9.000
CLIP-A-2-09	MB254	0.000	8.000
CLIP-A-2-09	MB258	0.000	1.000
CLIP-A-2-09	MB319	0.000	1.000
CLIP-A-2-09	MB320	0.000	1.000
CLIP-A-2-09	MB351	0.000	0.000
CLIP-A-2-09	MB361	2.000	1.000
CLIP-A-2-09	MB362	6.000	2.000
CLIP-A-2-09	MB363	1.000	3.000
CLIP-A-2-09	MB371	16.000	12.000
CLIP-A-2-09	MB381	4.000	36.000
CLIP-A-2-09	MB392	0.000	0.000
CLIP-A-2-09	MB440	0.000	0.000
CLIP-A-2-09	AVG	1.054	3.696
CLIP-A-3-10	RTS1	6.000	2.000
CLIP-A-3-10	RTS5	3.000	30.000
CLIP-A-3-10	RTS6	0.000	0.000
CLIP-A-3-10	RTS10	9.000	0.000
CLIP-A-3-10	RTS19	0.000	38.000
CLIP-A-3-10	RTS21	1.000	2.000
CLIP-A-3-10	RTS25	2.000	10.000
CLIP-A-3-10	RTS28	0.000	2.000
CLIP-A-3-10	RTS31	1.000	27.000
CLIP-A-3-10	RTS35	0.000	1.000
CLIP-A-3-10	RTS36	1.000	4.000
CLIP-A-3-10	RTS37	1.000	33.000
CLIP-A-3-10	MB229	8.000	13.000
CLIP-A-3-10	MB239	0.000	1.000
CLIP-A-3-10	MB254	0.000	9.000
CLIP-A-3-10	MB258	1.000	2.000
CLIP-A-3-10	MB319	0.000	3.000
CLIP-A-3-10	MB320	0.000	1.000
CLIP-A-3-10	MB351	0.000	1.000
CLIP-A-3-10	MB361	3.000	2.000
CLIP-A-3-10	MB362	5.000	2.000
CLIP-A-3-10	MB363	2.000	5.000
CLIP-A-3-10	MB371	15.000	16.000
CLIP-A-3-10	MB381	4.000	37.000
CLIP-A-3-10	MB392	1.000	0.000
CLIP-A-3-10	MB431	0.000	0.000
CLIP-A-3-10	MB440	0.000	0.000
CLIP-A-3-10	AVG	1.125	4.304
Hamid-20	RTS1	8.000	6.000
Hamid-20	RTS2	1.000	14.000
Hamid-20	RTS4	2.000	10.000
Hamid-20	RTS5	0.000	53.000
Hamid-20	RTS6	1.000	52.000
Hamid-20	RTS10	23.000	17.000
Hamid-20	RTS13	4.000	50.000
Hamid-20	RTS14	0.000	21.000
Hamid-20	RTS19	0.000	51.000
Hamid-20	RTS21	2.000	20.000
Hamid-20	RTS24	2.000	53.000
Hamid-20	RTS25	1.000	53.000
Hamid-20	RTS27	3.000	51.000
Hamid-20	RTS28	3.000	25.000
Hamid-20	RTS31	4.000	49.000
Hamid-20	RTS32	6.000	49.000
Hamid-20	RTS35	1.000	14.000
Hamid-20	RTS36	1.000	14.000
Hamid-20	RTS37	5.000	44.000
Hamid-20	RTS43	1.000	1.000
Hamid-20	MB226	0.000	2.000
Hamid-20	MB229	11.000	42.000
Hamid-20	MB230	0.000	53.000
Hamid-20	MB239	0.000	56.000
Hamid-20	MB254	1.000	56.000
Hamid-20	MB256	0.000	51.000
Hamid-20	MB258	6.000	35.000
Hamid-20	MB265	0.000	1.000
Hamid-20	MB267	3.000	22.000
Hamid-20	MB276	0.000	7.000
Hamid-20	MB286	0.000	4.000
Hamid-20	MB319	6.000	18.000
Hamid-20	MB320	1.000	27.000
Hamid-20	MB332	3.000	18.000
Hamid-20	MB351	1.000	53.000
Hamid-20	MB358	1.000	37.000
Hamid-20	MB361	2.000	53.000
Hamid-20	MB362	6.000	4.000
Hamid-20	MB363	2.000	50.000
Hamid-20	MB365	0.000	34.000
Hamid-20	MB371	1.000	52.000
Hamid-20	MB377	2.000	3.000
Hamid-20	MB381	2.000	48.000
Hamid-20	MB382	1.000	27.000
Hamid-20	MB391	2.000	2.000
Hamid-20	MB392	1.000	57.000
Hamid-20	MB409	0.000	11.000
Hamid-20	MB414	6.000	36.000
Hamid-20	MB420	3.000	51.000
Hamid-20	MB425	0.000	0.000
Hamid-20	MB431	2.000	8.000
Hamid-20	MB436	5.000	43.000
Hamid-20	MB438	0.000	0.000
Hamid-20	MB440	11.000	32.000
Hamid-20	AVG	2.625	29.286
HLJIT_LM-19	RTS1	2.000	0.000
HLJIT_LM-19	RTS2	1.000	27.000
HLJIT_LM-19	RTS4	0.000	16.000
HLJIT_LM-19	RTS5	0.000	15.000
HLJIT_LM-19	RTS6	0.000	17.000
HLJIT_LM-19	RTS10	1.000	0.000
HLJIT_LM-19	RTS13	0.000	6.000
HLJIT_LM-19	RTS14	0.000	0.000
HLJIT_LM-19	RTS19	0.000	14.000
HLJIT_LM-19	RTS21	1.000	0.000
HLJIT_LM-19	RTS24	0.000	5.000
HLJIT_LM-19	RTS25	1.000	24.000
HLJIT_LM-19	RTS27	2.000	11.000
HLJIT_LM-19	RTS28	1.000	2.000
HLJIT_LM-19	RTS31	0.000	6.000
HLJIT_LM-19	RTS32	2.000	6.000
HLJIT_LM-19	RTS35	0.000	2.000
HLJIT_LM-19	RTS36	0.000	1.000
HLJIT_LM-19	RTS43	3.000	2.000
HLJIT_LM-19	MB226	0.000	5.000
HLJIT_LM-19	MB229	0.000	0.000
HLJIT_LM-19	MB230	0.000	8.000
HLJIT_LM-19	MB239	0.000	2.000
HLJIT_LM-19	MB254	0.000	0.000
HLJIT_LM-19	MB258	0.000	1.000
HLJIT_LM-19	MB265	1.000	12.000
HLJIT_LM-19	MB286	0.000	6.000
HLJIT_LM-19	MB319	0.000	9.000
HLJIT_LM-19	MB320	1.000	10.000
HLJIT_LM-19	MB351	0.000	0.000
HLJIT_LM-19	MB358	0.000	2.000
HLJIT_LM-19	MB361	0.000	0.000
HLJIT_LM-19	MB362	0.000	0.000
HLJIT_LM-19	MB371	0.000	0.000
HLJIT_LM-19	MB377	0.000	6.000
HLJIT_LM-19	MB392	0.000	1.000
HLJIT_LM-19	MB409	0.000	2.000
HLJIT_LM-19	MB410	0.000	7.000
HLJIT_LM-19	MB414	0.000	6.000
HLJIT_LM-19	MB419	0.000	5.000
HLJIT_LM-19	MB420	0.000	13.000
HLJIT_LM-19	MB425	0.000	3.000
HLJIT_LM-19	MB431	0.000	8.000
HLJIT_LM-19	MB436	0.000	2.000
HLJIT_LM-19	AVG	0.286	4.679
IritIrisSDA-22	RTS4	0.000	52.000
IritIrisSDA-22	RTS5	1.000	45.000
IritIrisSDA-22	RTS6	0.000	55.000
IritIrisSDA-22	RTS10	13.000	0.000
IritIrisSDA-22	RTS13	4.000	48.000
IritIrisSDA-22	RTS21	1.000	2.000
IritIrisSDA-22	RTS24	2.000	3.000
IritIrisSDA-22	RTS25	2.000	10.000
IritIrisSDA-22	RTS27	0.000	52.000
IritIrisSDA-22	RTS28	2.000	0.000
IritIrisSDA-22	RTS31	2.000	51.000
IritIrisSDA-22	RTS32	0.000	0.000
IritIrisSDA-22	RTS35	0.000	10.000
IritIrisSDA-22	RTS36	0.000	4.000
IritIrisSDA-22	RTS43	6.000	36.000
IritIrisSDA-22	MB229	2.000	2.000
IritIrisSDA-22	MB230	0.000	31.000
IritIrisSDA-22	MB239	0.000	19.000
IritIrisSDA-22	MB258	1.000	35.000
IritIrisSDA-22	MB265	1.000	56.000
IritIrisSDA-22	MB319	0.000	3.000
IritIrisSDA-22	MB332	0.000	2.000
IritIrisSDA-22	MB358	0.000	9.000
IritIrisSDA-22	MB361	2.000	4.000
IritIrisSDA-22	MB363	3.000	49.000
IritIrisSDA-22	MB371	16.000	20.000
IritIrisSDA-22	MB382	0.000	2.000
IritIrisSDA-22	MB392	1.000	12.000
IritIrisSDA-22	MB409	5.000	6.000
IritIrisSDA-22	MB414	0.000	0.000
IritIrisSDA-22	MB431	1.000	0.000
IritIrisSDA-22	MB436	0.000	6.000
IritIrisSDA-22	MB440	0.000	1.000
IritIrisSDA-22	AVG	1.161	11.161
iritRunBiAm-21	RTS1	4.000	1.000
iritRunBiAm-21	RTS4	3.000	18.000
iritRunBiAm-21	RTS5	1.000	13.000
iritRunBiAm-21	RTS10	12.000	1.000
iritRunBiAm-21	RTS13	8.000	19.000
iritRunBiAm-21	RTS19	0.000	53.000
iritRunBiAm-21	RTS21	1.000	4.000
iritRunBiAm-21	RTS25	4.000	20.000
iritRunBiAm-21	RTS28	0.000	2.000
iritRunBiAm-21	RTS31	2.000	51.000
iritRunBiAm-21	RTS35	0.000	0.000
iritRunBiAm-21	RTS36	1.000	1.000
iritRunBiAm-21	RTS37	0.000	50.000
iritRunBiAm-21	RTS43	5.000	51.000
iritRunBiAm-21	MB229	2.000	2.000
iritRunBiAm-21	MB254	0.000	0.000
iritRunBiAm-21	MB258	2.000	5.000
iritRunBiAm-21	MB286	0.000	1.000
iritRunBiAm-21	MB319	0.000	0.000
iritRunBiAm-21	MB361	0.000	0.000
iritRunBiAm-21	MB362	7.000	2.000
iritRunBiAm-21	MB363	0.000	4.000
iritRunBiAm-21	MB371	15.000	12.000
iritRunBiAm-21	MB377	0.000	0.000
iritRunBiAm-21	MB381	1.000	1.000
iritRunBiAm-21	MB431	0.000	0.000
iritRunBiAm-21	MB440	0.000	8.000
iritRunBiAm-21	AVG	1.214	5.696
MyBaseline-17	RTS1	4.000	0.000
MyBaseline-17	RTS2	0.000	7.000
MyBaseline-17	RTS5	0.000	10.000
MyBaseline-17	RTS6	2.000	9.000
MyBaseline-17	RTS10	6.000	3.000
MyBaseline-17	RTS13	0.000	0.000
MyBaseline-17	RTS14	0.000	0.000
MyBaseline-17	RTS19	0.000	12.000
MyBaseline-17	RTS24	0.000	10.000
MyBaseline-17	RTS25	0.000	12.000
MyBaseline-17	RTS27	1.000	9.000
MyBaseline-17	RTS28	0.000	0.000
MyBaseline-17	RTS31	0.000	3.000
MyBaseline-17	RTS35	1.000	9.000
MyBaseline-17	RTS36	0.000	16.000
MyBaseline-17	RTS43	0.000	6.000
MyBaseline-17	MB226	0.000	8.000
MyBaseline-17	MB229	0.000	1.000
MyBaseline-17	MB230	0.000	13.000
MyBaseline-17	MB239	0.000	6.000
MyBaseline-17	MB254	0.000	0.000
MyBaseline-17	MB258	1.000	12.000
MyBaseline-17	MB265	0.000	4.000
MyBaseline-17	MB267	2.000	6.000
MyBaseline-17	MB276	1.000	2.000
MyBaseline-17	MB286	0.000	0.000
MyBaseline-17	MB319	0.000	11.000
MyBaseline-17	MB320	1.000	11.000
MyBaseline-17	MB332	0.000	0.000
MyBaseline-17	MB358	0.000	14.000
MyBaseline-17	MB361	1.000	10.000
MyBaseline-17	MB362	3.000	0.000
MyBaseline-17	MB365	0.000	9.000
MyBaseline-17	MB371	1.000	9.000
MyBaseline-17	MB377	1.000	11.000
MyBaseline-17	MB391	0.000	0.000
MyBaseline-17	MB409	1.000	14.000
MyBaseline-17	MB410	0.000	13.000
MyBaseline-17	MB414	1.000	10.000
MyBaseline-17	MB419	0.000	17.000
MyBaseline-17	MB420	0.000	2.000
MyBaseline-17	MB425	0.000	6.000
MyBaseline-17	MB431	0.000	0.000
MyBaseline-17	MB436	1.000	11.000
MyBaseline-17	AVG	0.500	5.464
MyBaseline-18	RTS1	4.000	1.000
MyBaseline-18	RTS2	0.000	10.000
MyBaseline-18	RTS5	0.000	7.000
MyBaseline-18	RTS6	3.000	4.000
MyBaseline-18	RTS10	6.000	2.000
MyBaseline-18	RTS13	1.000	1.000
MyBaseline-18	RTS14	1.000	3.000
MyBaseline-18	RTS19	0.000	8.000
MyBaseline-18	RTS24	0.000	6.000
MyBaseline-18	RTS25	1.000	8.000
MyBaseline-18	RTS27	1.000	7.000
MyBaseline-18	RTS28	1.000	0.000
MyBaseline-18	RTS31	1.000	1.000
MyBaseline-18	RTS35	0.000	6.000
MyBaseline-18	RTS36	0.000	8.000
MyBaseline-18	RTS43	2.000	4.000
MyBaseline-18	MB226	0.000	9.000
MyBaseline-18	MB229	2.000	0.000
MyBaseline-18	MB230	0.000	6.000
MyBaseline-18	MB239	0.000	11.000
MyBaseline-18	MB254	0.000	0.000
MyBaseline-18	MB258	0.000	6.000
MyBaseline-18	MB265	1.000	6.000
MyBaseline-18	MB267	1.000	4.000
MyBaseline-18	MB276	2.000	3.000
MyBaseline-18	MB286	0.000	0.000
MyBaseline-18	MB319	0.000	7.000
MyBaseline-18	MB320	1.000	7.000
MyBaseline-18	MB332	0.000	0.000
MyBaseline-18	MB358	0.000	9.000
MyBaseline-18	MB361	1.000	7.000
MyBaseline-18	MB362	2.000	1.000
MyBaseline-18	MB365	0.000	7.000
MyBaseline-18	MB371	3.000	7.000
MyBaseline-18	MB377	1.000	5.000
MyBaseline-18	MB391	1.000	0.000
MyBaseline-18	MB409	2.000	4.000
MyBaseline-18	MB410	0.000	8.000
MyBaseline-18	MB414	0.000	6.000
MyBaseline-18	MB419	0.000	12.000
MyBaseline-18	MB420	2.000	0.000
MyBaseline-18	MB425	0.000	6.000
MyBaseline-18	MB431	0.000	0.000
MyBaseline-18	MB436	3.000	5.000
MyBaseline-18	AVG	0.768	3.786
MyBaseline-24	RTS1	2.000	2.000
MyBaseline-24	RTS2	0.000	53.000
MyBaseline-24	RTS4	0.000	5.000
MyBaseline-24	RTS5	3.000	24.000
MyBaseline-24	RTS6	1.000	24.000
MyBaseline-24	RTS10	17.000	6.000
MyBaseline-24	RTS13	2.000	1.000
MyBaseline-24	RTS19	0.000	52.000
MyBaseline-24	RTS21	2.000	5.000
MyBaseline-24	RTS24	2.000	3.000
MyBaseline-24	RTS25	2.000	4.000
MyBaseline-24	RTS27	0.000	27.000
MyBaseline-24	RTS28	0.000	0.000
MyBaseline-24	RTS31	0.000	53.000
MyBaseline-24	RTS32	0.000	32.000
MyBaseline-24	RTS35	0.000	0.000
MyBaseline-24	RTS36	0.000	2.000
MyBaseline-24	RTS37	0.000	7.000
MyBaseline-24	RTS43	6.000	26.000
MyBaseline-24	MB229	14.000	30.000
MyBaseline-24	MB230	0.000	21.000
MyBaseline-24	MB239	2.000	15.000
MyBaseline-24	MB254	0.000	51.000
MyBaseline-24	MB256	0.000	51.000
MyBaseline-24	MB258	1.000	18.000
MyBaseline-24	MB265	0.000	38.000
MyBaseline-24	MB267	0.000	0.000
MyBaseline-24	MB276	0.000	17.000
MyBaseline-24	MB286	0.000	1.000
MyBaseline-24	MB319	0.000	1.000
MyBaseline-24	MB332	1.000	3.000
MyBaseline-24	MB351	0.000	0.000
MyBaseline-24	MB358	0.000	6.000
MyBaseline-24	MB361	0.000	28.000
MyBaseline-24	MB362	7.000	1.000
MyBaseline-24	MB363	1.000	53.000
MyBaseline-24	MB371	7.000	6.000
MyBaseline-24	MB382	0.000	0.000
MyBaseline-24	MB391	1.000	3.000
MyBaseline-24	MB392	0.000	20.000
MyBaseline-24	MB409	4.000	4.000
MyBaseline-24	MB410	0.000	0.000
MyBaseline-24	MB414	0.000	1.000
MyBaseline-24	MB431	0.000	2.000
MyBaseline-24	MB436	0.000	3.000
MyBaseline-24	MB438	0.000	4.000
MyBaseline-24	MB440	6.000	44.000
MyBaseline-24	AVG	1.446	13.339
nudt_sna-28	RTS31	0.000	4.000
nudt_sna-28	MB363	1.000	4.000
nudt_sna-28	AVG	0.018	0.143
nudt_sna-29	RTS1	6.000	1.000
nudt_sna-29	RTS4	3.000	40.000
nudt_sna-29	RTS5	3.000	42.000
nudt_sna-29	RTS6	1.000	50.000
nudt_sna-29	RTS10	9.000	0.000
nudt_sna-29	RTS13	10.000	30.000
nudt_sna-29	RTS19	0.000	7.000
nudt_sna-29	RTS21	2.000	2.000
nudt_sna-29	RTS24	0.000	1.000
nudt_sna-29	RTS25	7.000	30.000
nudt_sna-29	RTS27	0.000	0.000
nudt_sna-29	RTS28	2.000	18.000
nudt_sna-29	RTS31	3.000	50.000
nudt_sna-29	RTS32	2.000	9.000
nudt_sna-29	RTS35	3.000	29.000
nudt_sna-29	RTS36	1.000	6.000
nudt_sna-29	RTS37	0.000	40.000
nudt_sna-29	RTS43	7.000	26.000
nudt_sna-29	MB226	0.000	13.000
nudt_sna-29	MB229	7.000	40.000
nudt_sna-29	MB230	0.000	1.000
nudt_sna-29	MB239	1.000	8.000
nudt_sna-29	MB254	0.000	1.000
nudt_sna-29	MB256	0.000	45.000
nudt_sna-29	MB258	4.000	47.000
nudt_sna-29	MB265	0.000	2.000
nudt_sna-29	MB267	1.000	3.000
nudt_sna-29	MB276	2.000	42.000
nudt_sna-29	MB286	0.000	42.000
nudt_sna-29	MB319	0.000	6.000
nudt_sna-29	MB320	1.000	0.000
nudt_sna-29	MB332	0.000	9.000
nudt_sna-29	MB358	0.000	14.000
nudt_sna-29	MB361	1.000	42.000
nudt_sna-29	MB362	6.000	1.000
nudt_sna-29	MB363	1.000	51.000
nudt_sna-29	MB365	0.000	4.000
nudt_sna-29	MB371	2.000	19.000
nudt_sna-29	MB377	2.000	6.000
nudt_sna-29	MB381	2.000	41.000
nudt_sna-29	MB382	0.000	6.000
nudt_sna-29	MB391	2.000	3.000
nudt_sna-29	MB392	2.000	50.000
nudt_sna-29	MB409	2.000	2.000
nudt_sna-29	MB410	0.000	0.000
nudt_sna-29	MB419	0.000	0.000
nudt_sna-29	MB431	1.000	0.000
nudt_sna-29	MB436	2.000	8.000
nudt_sna-29	MB438	0.000	32.000
nudt_sna-29	MB440	4.000	34.000
nudt_sna-29	AVG	1.821	17.018
nudt_sna-30	RTS1	3.000	0.000
nudt_sna-30	RTS4	1.000	11.000
nudt_sna-30	RTS5	0.000	10.000
nudt_sna-30	RTS6	0.000	12.000
nudt_sna-30	RTS10	4.000	0.000
nudt_sna-30	RTS13	3.000	4.000
nudt_sna-30	RTS21	1.000	1.000
nudt_sna-30	RTS25	0.000	12.000
nudt_sna-30	RTS28	0.000	0.000
nudt_sna-30	RTS31	0.000	12.000
nudt_sna-30	RTS32	0.000	4.000
nudt_sna-30	RTS35	0.000	0.000
nudt_sna-30	RTS36	1.000	1.000
nudt_sna-30	RTS37	0.000	0.000
nudt_sna-30	RTS43	0.000	12.000
nudt_sna-30	MB226	0.000	1.000
nudt_sna-30	MB229	0.000	12.000
nudt_sna-30	MB239	0.000	11.000
nudt_sna-30	MB256	0.000	0.000
nudt_sna-30	MB258	2.000	5.000
nudt_sna-30	MB265	0.000	0.000
nudt_sna-30	MB267	3.000	2.000
nudt_sna-30	MB276	0.000	12.000
nudt_sna-30	MB286	0.000	12.000
nudt_sna-30	MB319	0.000	1.000
nudt_sna-30	MB320	1.000	0.000
nudt_sna-30	MB358	0.000	6.000
nudt_sna-30	MB361	0.000	0.000
nudt_sna-30	MB362	2.000	0.000
nudt_sna-30	MB363	0.000	3.000
nudt_sna-30	MB365	0.000	8.000
nudt_sna-30	MB371	0.000	2.000
nudt_sna-30	MB377	1.000	0.000
nudt_sna-30	MB381	2.000	7.000
nudt_sna-30	MB382	0.000	3.000
nudt_sna-30	MB391	1.000	1.000
nudt_sna-30	MB392	1.000	8.000
nudt_sna-30	MB409	0.000	6.000
nudt_sna-30	MB410	0.000	0.000
nudt_sna-30	MB436	1.000	2.000
nudt_sna-30	MB438	0.000	2.000
nudt_sna-30	MB440	3.000	2.000
nudt_sna-30	AVG	0.536	3.304
PRNABaseline-34	RTS5	0.000	1.000
PRNABaseline-34	RTS10	2.000	1.000
PRNABaseline-34	RTS19	0.000	4.000
PRNABaseline-34	RTS21	0.000	0.000
PRNABaseline-34	RTS28	0.000	0.000
PRNABaseline-34	RTS31	0.000	24.000
PRNABaseline-34	RTS36	0.000	0.000
PRNABaseline-34	RTS37	0.000	0.000
PRNABaseline-34	RTS43	5.000	25.000
PRNABaseline-34	MB254	0.000	0.000
PRNABaseline-34	MB258	1.000	0.000
PRNABaseline-34	MB319	0.000	0.000
PRNABaseline-34	MB371	0.000	0.000
PRNABaseline-34	MB431	0.000	0.000
PRNABaseline-34	MB440	1.000	0.000
PRNABaseline-34	AVG	0.161	0.982
PRNATaskA2-35	RTS1	0.000	0.000
PRNATaskA2-35	RTS5	1.000	5.000
PRNATaskA2-35	RTS10	10.000	2.000
PRNATaskA2-35	RTS13	0.000	1.000
PRNATaskA2-35	RTS19	0.000	23.000
PRNATaskA2-35	RTS21	0.000	2.000
PRNATaskA2-35	RTS25	0.000	0.000
PRNATaskA2-35	RTS27	0.000	7.000
PRNATaskA2-35	RTS28	0.000	1.000
PRNATaskA2-35	RTS31	0.000	60.000
PRNATaskA2-35	RTS36	0.000	0.000
PRNATaskA2-35	RTS37	1.000	20.000
PRNATaskA2-35	RTS43	3.000	51.000
PRNATaskA2-35	MB254	0.000	5.000
PRNATaskA2-35	MB258	1.000	6.000
PRNATaskA2-35	MB276	0.000	35.000
PRNATaskA2-35	MB319	0.000	1.000
PRNATaskA2-35	MB351	0.000	0.000
PRNATaskA2-35	MB358	0.000	0.000
PRNATaskA2-35	MB363	3.000	43.000
PRNATaskA2-35	MB371	15.000	8.000
PRNATaskA2-35	MB381	0.000	0.000
PRNATaskA2-35	MB431	0.000	0.000
PRNATaskA2-35	MB440	1.000	0.000
PRNATaskA2-35	AVG	0.625	4.821
PRNATaskA3-36	RTS1	0.000	0.000
PRNATaskA3-36	RTS5	1.000	6.000
PRNATaskA3-36	RTS10	10.000	1.000
PRNATaskA3-36	RTS13	1.000	1.000
PRNATaskA3-36	RTS19	0.000	32.000
PRNATaskA3-36	RTS21	0.000	2.000
PRNATaskA3-36	RTS25	0.000	0.000
PRNATaskA3-36	RTS27	0.000	8.000
PRNATaskA3-36	RTS28	0.000	1.000
PRNATaskA3-36	RTS31	3.000	38.000
PRNATaskA3-36	RTS36	0.000	0.000
PRNATaskA3-36	RTS37	1.000	19.000
PRNATaskA3-36	RTS43	5.000	40.000
PRNATaskA3-36	MB254	0.000	5.000
PRNATaskA3-36	MB258	1.000	5.000
PRNATaskA3-36	MB276	0.000	25.000
PRNATaskA3-36	MB319	0.000	1.000
PRNATaskA3-36	MB351	0.000	0.000
PRNATaskA3-36	MB358	0.000	0.000
PRNATaskA3-36	MB363	0.000	27.000
PRNATaskA3-36	MB371	13.000	6.000
PRNATaskA3-36	MB381	0.000	0.000
PRNATaskA3-36	MB431	0.000	0.000
PRNATaskA3-36	MB440	1.000	0.000
PRNATaskA3-36	AVG	0.643	3.875
QUBaseline-37	RTS1	4.000	2.000
QUBaseline-37	RTS2	0.000	0.000
QUBaseline-37	RTS4	0.000	1.000
QUBaseline-37	RTS5	1.000	10.000
QUBaseline-37	RTS6	0.000	0.000
QUBaseline-37	RTS10	4.000	0.000
QUBaseline-37	RTS13	0.000	2.000
QUBaseline-37	RTS14	0.000	1.000
QUBaseline-37	RTS19	0.000	3.000
QUBaseline-37	RTS21	0.000	0.000
QUBaseline-37	RTS25	0.000	3.000
QUBaseline-37	RTS27	0.000	0.000
QUBaseline-37	RTS28	1.000	5.000
QUBaseline-37	RTS31	0.000	19.000
QUBaseline-37	RTS35	1.000	2.000
QUBaseline-37	RTS36	1.000	0.000
QUBaseline-37	RTS37	0.000	1.000
QUBaseline-37	RTS43	3.000	3.000
QUBaseline-37	MB229	3.000	4.000
QUBaseline-37	MB239	0.000	0.000
QUBaseline-37	MB254	0.000	0.000
QUBaseline-37	MB258	0.000	1.000
QUBaseline-37	MB286	0.000	4.000
QUBaseline-37	MB351	0.000	0.000
QUBaseline-37	MB361	0.000	0.000
QUBaseline-37	MB362	4.000	0.000
QUBaseline-37	MB363	0.000	5.000
QUBaseline-37	MB371	6.000	7.000
QUBaseline-37	MB377	0.000	0.000
QUBaseline-37	MB381	0.000	0.000
QUBaseline-37	MB392	0.000	1.000
QUBaseline-37	MB414	0.000	0.000
QUBaseline-37	MB420	0.000	0.000
QUBaseline-37	MB431	0.000	0.000
QUBaseline-37	MB436	0.000	0.000
QUBaseline-37	MB440	1.000	8.000
QUBaseline-37	AVG	0.518	1.464
QUExpP-38	RTS1	1.000	0.000
QUExpP-38	RTS2	0.000	0.000
QUExpP-38	RTS4	0.000	1.000
QUExpP-38	RTS5	1.000	10.000
QUExpP-38	RTS6	0.000	0.000
QUExpP-38	RTS10	1.000	0.000
QUExpP-38	RTS13	0.000	2.000
QUExpP-38	RTS14	0.000	0.000
QUExpP-38	RTS19	0.000	3.000
QUExpP-38	RTS21	0.000	0.000
QUExpP-38	RTS25	0.000	1.000
QUExpP-38	RTS27	0.000	0.000
QUExpP-38	RTS28	1.000	5.000
QUExpP-38	RTS31	0.000	9.000
QUExpP-38	RTS35	1.000	2.000
QUExpP-38	RTS36	1.000	0.000
QUExpP-38	RTS37	0.000	1.000
QUExpP-38	RTS43	2.000	3.000
QUExpP-38	MB229	2.000	5.000
QUExpP-38	MB239	0.000	0.000
QUExpP-38	MB254	0.000	0.000
QUExpP-38	MB258	0.000	1.000
QUExpP-38	MB286	0.000	4.000
QUExpP-38	MB351	0.000	0.000
QUExpP-38	MB361	0.000	0.000
QUExpP-38	MB362	3.000	24.000
QUExpP-38	MB363	0.000	7.000
QUExpP-38	MB371	3.000	4.000
QUExpP-38	MB377	0.000	0.000
QUExpP-38	MB381	0.000	0.000
QUExpP-38	MB392	0.000	1.000
QUExpP-38	MB414	0.000	0.000
QUExpP-38	MB420	0.000	0.000
QUExpP-38	MB431	0.000	0.000
QUExpP-38	MB436	0.000	0.000
QUExpP-38	MB440	1.000	7.000
QUExpP-38	AVG	0.304	1.607
QUExpT-39	RTS1	1.000	0.000
QUExpT-39	RTS2	0.000	0.000
QUExpT-39	RTS4	0.000	1.000
QUExpT-39	RTS5	0.000	9.000
QUExpT-39	RTS6	0.000	0.000
QUExpT-39	RTS10	2.000	0.000
QUExpT-39	RTS13	0.000	2.000
QUExpT-39	RTS14	0.000	1.000
QUExpT-39	RTS19	0.000	3.000
QUExpT-39	RTS21	0.000	0.000
QUExpT-39	RTS25	0.000	3.000
QUExpT-39	RTS27	0.000	0.000
QUExpT-39	RTS28	1.000	5.000
QUExpT-39	RTS31	0.000	6.000
QUExpT-39	RTS35	1.000	2.000
QUExpT-39	RTS36	1.000	0.000
QUExpT-39	RTS37	0.000	1.000
QUExpT-39	RTS43	3.000	3.000
QUExpT-39	MB229	2.000	5.000
QUExpT-39	MB239	0.000	0.000
QUExpT-39	MB254	0.000	0.000
QUExpT-39	MB258	0.000	1.000
QUExpT-39	MB286	0.000	4.000
QUExpT-39	MB351	0.000	0.000
QUExpT-39	MB361	0.000	0.000
QUExpT-39	MB362	4.000	0.000
QUExpT-39	MB363	0.000	5.000
QUExpT-39	MB371	2.000	3.000
QUExpT-39	MB377	0.000	0.000
QUExpT-39	MB381	0.000	0.000
QUExpT-39	MB392	0.000	1.000
QUExpT-39	MB414	0.000	0.000
QUExpT-39	MB420	0.000	0.000
QUExpT-39	MB431	0.000	0.000
QUExpT-39	MB436	0.000	0.000
QUExpT-39	MB440	1.000	8.000
QUExpT-39	AVG	0.321	1.125
QUT_RTS-40	RTS4	0.000	6.000
QUT_RTS-40	RTS10	0.000	0.000
QUT_RTS-40	MB229	2.000	2.000
QUT_RTS-40	MB239	0.000	0.000
QUT_RTS-40	MB265	0.000	11.000
QUT_RTS-40	MB319	0.000	1.000
QUT_RTS-40	MB358	0.000	2.000
QUT_RTS-40	MB377	0.000	12.000
QUT_RTS-40	MB410	0.000	0.000
QUT_RTS-40	AVG	0.036	0.607
ru32-33	RTS1	8.000	5.000
ru32-33	RTS5	2.000	23.000
ru32-33	RTS6	0.000	0.000
ru32-33	RTS10	8.000	0.000
ru32-33	RTS13	5.000	0.000
ru32-33	RTS19	0.000	53.000
ru32-33	RTS21	1.000	5.000
ru32-33	RTS25	0.000	7.000
ru32-33	RTS27	0.000	0.000
ru32-33	RTS28	3.000	11.000
ru32-33	RTS31	2.000	51.000
ru32-33	RTS35	0.000	1.000
ru32-33	RTS36	1.000	4.000
ru32-33	RTS37	1.000	43.000
ru32-33	MB229	8.000	11.000
ru32-33	MB239	0.000	0.000
ru32-33	MB254	0.000	7.000
ru32-33	MB258	0.000	0.000
ru32-33	MB319	0.000	2.000
ru32-33	MB320	0.000	1.000
ru32-33	MB351	0.000	1.000
ru32-33	MB361	1.000	2.000
ru32-33	MB362	5.000	1.000
ru32-33	MB363	1.000	1.000
ru32-33	MB371	2.000	50.000
ru32-33	MB381	2.000	31.000
ru32-33	MB392	2.000	47.000
ru32-33	MB431	0.000	0.000
ru32-33	MB440	0.000	0.000
ru32-33	AVG	0.929	6.375
run1-11	RTS1	6.000	1.000
run1-11	RTS10	0.000	0.000
run1-11	RTS13	0.000	0.000
run1-11	RTS21	0.000	2.000
run1-11	RTS28	2.000	7.000
run1-11	RTS35	0.000	6.000
run1-11	RTS36	1.000	0.000
run1-11	MB229	1.000	1.000
run1-11	MB362	0.000	0.000
run1-11	MB371	17.000	11.000
run1-11	MB414	4.000	8.000
run1-11	MB440	5.000	4.000
run1-11	AVG	0.643	0.714
run1-31	RTS1	9.000	2.000
run1-31	RTS5	2.000	25.000
run1-31	RTS6	0.000	0.000
run1-31	RTS10	9.000	0.000
run1-31	RTS13	12.000	30.000
run1-31	RTS19	0.000	53.000
run1-31	RTS21	1.000	6.000
run1-31	RTS25	2.000	7.000
run1-31	RTS27	0.000	0.000
run1-31	RTS28	3.000	12.000
run1-31	RTS31	3.000	50.000
run1-31	RTS35	0.000	1.000
run1-31	RTS36	1.000	4.000
run1-31	RTS37	1.000	50.000
run1-31	MB229	10.000	11.000
run1-31	MB239	0.000	1.000
run1-31	MB254	0.000	8.000
run1-31	MB258	0.000	0.000
run1-31	MB286	0.000	1.000
run1-31	MB319	0.000	1.000
run1-31	MB320	0.000	1.000
run1-31	MB351	0.000	1.000
run1-31	MB361	1.000	2.000
run1-31	MB362	7.000	1.000
run1-31	MB363	2.000	2.000
run1-31	MB371	2.000	50.000
run1-31	MB381	2.000	38.000
run1-31	MB392	1.000	53.000
run1-31	MB431	0.000	0.000
run1-31	MB440	0.000	1.000
run1-31	AVG	1.214	7.339
run2-12	RTS1	2.000	0.000
run2-12	RTS10	1.000	0.000
run2-12	RTS13	0.000	0.000
run2-12	RTS21	0.000	2.000
run2-12	RTS25	0.000	0.000
run2-12	RTS28	1.000	4.000
run2-12	RTS35	0.000	6.000
run2-12	RTS36	0.000	0.000
run2-12	MB229	2.000	1.000
run2-12	MB267	0.000	0.000
run2-12	MB362	1.000	0.000
run2-12	MB363	0.000	0.000
run2-12	MB371	14.000	12.000
run2-12	MB414	2.000	4.000
run2-12	MB431	0.000	0.000
run2-12	MB440	5.000	2.000
run2-12	AVG	0.500	0.554
run2-32	RTS1	9.000	2.000
run2-32	RTS5	3.000	26.000
run2-32	RTS6	0.000	0.000
run2-32	RTS10	10.000	0.000
run2-32	RTS13	11.000	32.000
run2-32	RTS19	0.000	53.000
run2-32	RTS21	1.000	6.000
run2-32	RTS25	5.000	23.000
run2-32	RTS27	0.000	0.000
run2-32	RTS28	3.000	12.000
run2-32	RTS31	3.000	50.000
run2-32	RTS32	0.000	0.000
run2-32	RTS35	0.000	1.000
run2-32	RTS36	1.000	4.000
run2-32	RTS37	0.000	53.000
run2-32	RTS43	0.000	2.000
run2-32	MB229	8.000	14.000
run2-32	MB239	0.000	1.000
run2-32	MB254	0.000	10.000
run2-32	MB258	1.000	4.000
run2-32	MB286	0.000	5.000
run2-32	MB319	0.000	3.000
run2-32	MB320	0.000	1.000
run2-32	MB332	0.000	1.000
run2-32	MB351	0.000	1.000
run2-32	MB361	1.000	8.000
run2-32	MB362	5.000	1.000
run2-32	MB363	3.000	6.000
run2-32	MB371	2.000	50.000
run2-32	MB377	0.000	0.000
run2-32	MB381	2.000	38.000
run2-32	MB382	0.000	1.000
run2-32	MB392	1.000	52.000
run2-32	MB414	2.000	0.000
run2-32	MB420	1.000	1.000
run2-32	MB431	0.000	0.000
run2-32	MB440	3.000	5.000
run2-32	AVG	1.339	8.321
run3-13	RTS1	7.000	3.000
run3-13	RTS4	0.000	0.000
run3-13	RTS5	2.000	8.000
run3-13	RTS6	1.000	0.000
run3-13	RTS10	10.000	0.000
run3-13	RTS21	1.000	3.000
run3-13	RTS25	2.000	10.000
run3-13	RTS27	0.000	0.000
run3-13	RTS28	3.000	7.000
run3-13	RTS32	3.000	1.000
run3-13	RTS35	2.000	8.000
run3-13	RTS36	1.000	3.000
run3-13	MB229	7.000	19.000
run3-13	MB239	0.000	1.000
run3-13	MB254	0.000	6.000
run3-13	MB256	2.000	10.000
run3-13	MB258	2.000	2.000
run3-13	MB267	1.000	3.000
run3-13	MB319	0.000	1.000
run3-13	MB320	9.000	3.000
run3-13	MB332	0.000	0.000
run3-13	MB358	0.000	0.000
run3-13	MB361	2.000	0.000
run3-13	MB362	5.000	0.000
run3-13	MB363	0.000	5.000
run3-13	MB371	19.000	19.000
run3-13	MB381	0.000	8.000
run3-13	MB414	10.000	27.000
run3-13	MB420	0.000	0.000
run3-13	MB431	0.000	0.000
run3-13	MB436	0.000	0.000
run3-13	MB440	11.000	6.000
run3-13	AVG	1.786	2.732
runA_daiict_irlab-23	RTS1	3.000	0.000
runA_daiict_irlab-23	RTS4	1.000	32.000
runA_daiict_irlab-23	RTS5	1.000	7.000
runA_daiict_irlab-23	RTS6	1.000	7.000
runA_daiict_irlab-23	RTS10	2.000	2.000
runA_daiict_irlab-23	RTS13	3.000	43.000
runA_daiict_irlab-23	RTS14	0.000	1.000
runA_daiict_irlab-23	RTS19	0.000	29.000
runA_daiict_irlab-23	RTS21	0.000	0.000
runA_daiict_irlab-23	RTS24	0.000	10.000
runA_daiict_irlab-23	RTS25	1.000	25.000
runA_daiict_irlab-23	RTS28	1.000	8.000
runA_daiict_irlab-23	RTS31	0.000	8.000
runA_daiict_irlab-23	RTS32	0.000	47.000
runA_daiict_irlab-23	RTS36	1.000	15.000
runA_daiict_irlab-23	RTS37	4.000	6.000
runA_daiict_irlab-23	RTS43	0.000	9.000
runA_daiict_irlab-23	MB226	0.000	2.000
runA_daiict_irlab-23	MB229	3.000	41.000
runA_daiict_irlab-23	MB230	0.000	5.000
runA_daiict_irlab-23	MB239	0.000	6.000
runA_daiict_irlab-23	MB254	0.000	4.000
runA_daiict_irlab-23	MB258	1.000	17.000
runA_daiict_irlab-23	MB267	1.000	3.000
runA_daiict_irlab-23	MB276	0.000	6.000
runA_daiict_irlab-23	MB286	1.000	0.000
runA_daiict_irlab-23	MB319	1.000	2.000
runA_daiict_irlab-23	MB332	0.000	2.000
runA_daiict_irlab-23	MB358	2.000	3.000
runA_daiict_irlab-23	MB361	0.000	8.000
runA_daiict_irlab-23	MB362	4.000	3.000
runA_daiict_irlab-23	MB363	1.000	7.000
runA_daiict_irlab-23	MB371	3.000	4.000
runA_daiict_irlab-23	MB377	0.000	2.000
runA_daiict_irlab-23	MB382	0.000	12.000
runA_daiict_irlab-23	MB392	1.000	45.000
runA_daiict_irlab-23	MB410	1.000	2.000
runA_daiict_irlab-23	MB414	1.000	30.000
runA_daiict_irlab-23	MB419	0.000	2.000
runA_daiict_irlab-23	MB420	4.000	2.000
runA_daiict_irlab-23	MB425	0.000	7.000
runA_daiict_irlab-23	MB431	0.000	3.000
runA_daiict_irlab-23	MB436	0.000	2.000
runA_daiict_irlab-23	MB438	0.000	5.000
runA_daiict_irlab-23	MB440	3.000	13.000
runA_daiict_irlab-23	AVG	0.804	8.696
udelRunBM25-43	RTS2	0.000	0.000
udelRunBM25-43	RTS5	0.000	0.000
udelRunBM25-43	RTS31	0.000	0.000
udelRunBM25-43	RTS35	0.000	0.000
udelRunBM25-43	MB254	0.000	0.000
udelRunBM25-43	MB265	0.000	0.000
udelRunBM25-43	MB319	0.000	0.000
udelRunBM25-43	MB332	0.000	0.000
udelRunBM25-43	MB362	0.000	0.000
udelRunBM25-43	MB381	0.000	2.000
udelRunBM25-43	MB438	0.000	5.000
udelRunBM25-43	AVG	0.000	0.125
udelRunTFIDF-44	RTS1	5.000	1.000
udelRunTFIDF-44	RTS2	0.000	54.000
udelRunTFIDF-44	RTS4	2.000	20.000
udelRunTFIDF-44	RTS5	4.000	43.000
udelRunTFIDF-44	RTS6	0.000	20.000
udelRunTFIDF-44	RTS10	13.000	1.000
udelRunTFIDF-44	RTS13	2.000	3.000
udelRunTFIDF-44	RTS14	0.000	0.000
udelRunTFIDF-44	RTS19	0.000	30.000
udelRunTFIDF-44	RTS21	1.000	4.000
udelRunTFIDF-44	RTS24	2.000	22.000
udelRunTFIDF-44	RTS25	3.000	14.000
udelRunTFIDF-44	RTS27	1.000	37.000
udelRunTFIDF-44	RTS28	0.000	3.000
udelRunTFIDF-44	RTS31	0.000	22.000
udelRunTFIDF-44	RTS32	0.000	15.000
udelRunTFIDF-44	RTS35	1.000	3.000
udelRunTFIDF-44	RTS36	2.000	3.000
udelRunTFIDF-44	RTS37	0.000	0.000
udelRunTFIDF-44	RTS43	5.000	23.000
udelRunTFIDF-44	MB229	9.000	15.000
udelRunTFIDF-44	MB239	0.000	1.000
udelRunTFIDF-44	MB254	0.000	7.000
udelRunTFIDF-44	MB256	0.000	7.000
udelRunTFIDF-44	MB258	0.000	1.000
udelRunTFIDF-44	MB265	0.000	2.000
udelRunTFIDF-44	MB267	10.000	2.000
udelRunTFIDF-44	MB276	0.000	4.000
udelRunTFIDF-44	MB286	0.000	0.000
udelRunTFIDF-44	MB319	1.000	2.000
udelRunTFIDF-44	MB320	0.000	1.000
udelRunTFIDF-44	MB351	1.000	4.000
udelRunTFIDF-44	MB358	0.000	2.000
udelRunTFIDF-44	MB361	0.000	1.000
udelRunTFIDF-44	MB362	7.000	1.000
udelRunTFIDF-44	MB363	1.000	14.000
udelRunTFIDF-44	MB365	0.000	1.000
udelRunTFIDF-44	MB371	0.000	4.000
udelRunTFIDF-44	MB377	0.000	6.000
udelRunTFIDF-44	MB381	0.000	3.000
udelRunTFIDF-44	MB391	0.000	0.000
udelRunTFIDF-44	MB392	0.000	2.000
udelRunTFIDF-44	MB409	1.000	4.000
udelRunTFIDF-44	MB414	1.000	7.000
udelRunTFIDF-44	MB419	0.000	5.000
udelRunTFIDF-44	MB420	2.000	14.000
udelRunTFIDF-44	MB425	0.000	2.000
udelRunTFIDF-44	MB431	0.000	4.000
udelRunTFIDF-44	MB436	0.000	0.000
udelRunTFIDF-44	MB438	0.000	9.000
udelRunTFIDF-44	MB440	4.000	26.000
udelRunTFIDF-44	AVG	1.393	8.375
udelRunTFIDFQ-45	RTS1	2.000	3.000
udelRunTFIDFQ-45	RTS2	0.000	54.000
udelRunTFIDFQ-45	RTS4	2.000	21.000
udelRunTFIDFQ-45	RTS5	4.000	45.000
udelRunTFIDFQ-45	RTS6	0.000	26.000
udelRunTFIDFQ-45	RTS10	13.000	1.000
udelRunTFIDFQ-45	RTS13	2.000	3.000
udelRunTFIDFQ-45	RTS19	0.000	32.000
udelRunTFIDFQ-45	RTS21	1.000	5.000
udelRunTFIDFQ-45	RTS24	2.000	24.000
udelRunTFIDFQ-45	RTS25	2.000	18.000
udelRunTFIDFQ-45	RTS27	1.000	37.000
udelRunTFIDFQ-45	RTS28	0.000	3.000
udelRunTFIDFQ-45	RTS31	0.000	24.000
udelRunTFIDFQ-45	RTS32	0.000	22.000
udelRunTFIDFQ-45	RTS35	2.000	2.000
udelRunTFIDFQ-45	RTS36	2.000	3.000
udelRunTFIDFQ-45	RTS37	0.000	2.000
udelRunTFIDFQ-45	RTS43	4.000	25.000
udelRunTFIDFQ-45	MB226	0.000	0.000
udelRunTFIDFQ-45	MB229	9.000	12.000
udelRunTFIDFQ-45	MB239	0.000	0.000
udelRunTFIDFQ-45	MB254	0.000	8.000
udelRunTFIDFQ-45	MB256	0.000	8.000
udelRunTFIDFQ-45	MB258	0.000	3.000
udelRunTFIDFQ-45	MB265	0.000	8.000
udelRunTFIDFQ-45	MB267	6.000	3.000
udelRunTFIDFQ-45	MB276	0.000	4.000
udelRunTFIDFQ-45	MB286	0.000	1.000
udelRunTFIDFQ-45	MB319	1.000	2.000
udelRunTFIDFQ-45	MB320	0.000	1.000
udelRunTFIDFQ-45	MB351	0.000	5.000
udelRunTFIDFQ-45	MB358	0.000	3.000
udelRunTFIDFQ-45	MB361	0.000	2.000
udelRunTFIDFQ-45	MB362	7.000	0.000
udelRunTFIDFQ-45	MB363	2.000	14.000
udelRunTFIDFQ-45	MB365	0.000	1.000
udelRunTFIDFQ-45	MB371	2.000	4.000
udelRunTFIDFQ-45	MB377	0.000	6.000
udelRunTFIDFQ-45	MB381	1.000	3.000
udelRunTFIDFQ-45	MB392	1.000	1.000
udelRunTFIDFQ-45	MB409	1.000	3.000
udelRunTFIDFQ-45	MB414	1.000	8.000
udelRunTFIDFQ-45	MB419	0.000	5.000
udelRunTFIDFQ-45	MB420	2.000	14.000
udelRunTFIDFQ-45	MB425	0.000	2.000
udelRunTFIDFQ-45	MB431	0.000	5.000
udelRunTFIDFQ-45	MB438	0.000	9.000
udelRunTFIDFQ-45	MB440	2.000	31.000
udelRunTFIDFQ-45	AVG	1.286	9.214
UDInfoDFP-47	RTS1	8.000	4.000
UDInfoDFP-47	RTS2	0.000	48.000
UDInfoDFP-47	RTS4	3.000	39.000
UDInfoDFP-47	RTS5	4.000	34.000
UDInfoDFP-47	RTS6	10.000	33.000
UDInfoDFP-47	RTS10	18.000	0.000
UDInfoDFP-47	RTS13	9.000	19.000
UDInfoDFP-47	RTS14	1.000	18.000
UDInfoDFP-47	RTS19	0.000	43.000
UDInfoDFP-47	RTS21	4.000	31.000
UDInfoDFP-47	RTS24	3.000	42.000
UDInfoDFP-47	RTS25	7.000	31.000
UDInfoDFP-47	RTS27	2.000	46.000
UDInfoDFP-47	RTS28	2.000	27.000
UDInfoDFP-47	RTS31	2.000	45.000
UDInfoDFP-47	RTS32	4.000	34.000
UDInfoDFP-47	RTS35	4.000	28.000
UDInfoDFP-47	RTS36	3.000	28.000
UDInfoDFP-47	RTS37	6.000	28.000
UDInfoDFP-47	RTS43	5.000	32.000
UDInfoDFP-47	MB226	0.000	48.000
UDInfoDFP-47	MB229	8.000	25.000
UDInfoDFP-47	MB230	0.000	46.000
UDInfoDFP-47	MB239	0.000	48.000
UDInfoDFP-47	MB254	0.000	36.000
UDInfoDFP-47	MB256	0.000	24.000
UDInfoDFP-47	MB258	3.000	28.000
UDInfoDFP-47	MB265	1.000	35.000
UDInfoDFP-47	MB267	14.000	23.000
UDInfoDFP-47	MB276	4.000	41.000
UDInfoDFP-47	MB286	0.000	46.000
UDInfoDFP-47	MB319	3.000	29.000
UDInfoDFP-47	MB320	6.000	35.000
UDInfoDFP-47	MB332	0.000	48.000
UDInfoDFP-47	MB351	1.000	26.000
UDInfoDFP-47	MB358	0.000	44.000
UDInfoDFP-47	MB361	1.000	45.000
UDInfoDFP-47	MB362	8.000	10.000
UDInfoDFP-47	MB363	2.000	38.000
UDInfoDFP-47	MB365	1.000	43.000
UDInfoDFP-47	MB371	14.000	16.000
UDInfoDFP-47	MB377	7.000	29.000
UDInfoDFP-47	MB381	2.000	23.000
UDInfoDFP-47	MB382	0.000	36.000
UDInfoDFP-47	MB391	4.000	29.000
UDInfoDFP-47	MB392	3.000	45.000
UDInfoDFP-47	MB409	3.000	32.000
UDInfoDFP-47	MB410	1.000	41.000
UDInfoDFP-47	MB414	8.000	32.000
UDInfoDFP-47	MB419	0.000	40.000
UDInfoDFP-47	MB420	14.000	13.000
UDInfoDFP-47	MB425	2.000	31.000
UDInfoDFP-47	MB431	1.000	42.000
UDInfoDFP-47	MB436	3.000	36.000
UDInfoDFP-47	MB438	0.000	36.000
UDInfoDFP-47	MB440	11.000	29.000
UDInfoDFP-47	AVG	3.929	32.821
UDInfoSFP-46	RTS1	8.000	5.000
UDInfoSFP-46	RTS2	0.000	48.000
UDInfoSFP-46	RTS4	1.000	41.000
UDInfoSFP-46	RTS5	2.000	33.000
UDInfoSFP-46	RTS6	6.000	40.000
UDInfoSFP-46	RTS10	19.000	2.000
UDInfoSFP-46	RTS13	12.000	13.000
UDInfoSFP-46	RTS14	2.000	17.000
UDInfoSFP-46	RTS19	0.000	40.000
UDInfoSFP-46	RTS21	4.000	32.000
UDInfoSFP-46	RTS24	3.000	40.000
UDInfoSFP-46	RTS25	6.000	31.000
UDInfoSFP-46	RTS27	1.000	47.000
UDInfoSFP-46	RTS28	0.000	29.000
UDInfoSFP-46	RTS31	3.000	44.000
UDInfoSFP-46	RTS32	4.000	36.000
UDInfoSFP-46	RTS35	2.000	27.000
UDInfoSFP-46	RTS36	1.000	23.000
UDInfoSFP-46	RTS37	1.000	47.000
UDInfoSFP-46	RTS43	8.000	28.000
UDInfoSFP-46	MB226	0.000	48.000
UDInfoSFP-46	MB229	8.000	25.000
UDInfoSFP-46	MB230	0.000	46.000
UDInfoSFP-46	MB239	0.000	48.000
UDInfoSFP-46	MB254	0.000	36.000
UDInfoSFP-46	MB256	0.000	24.000
UDInfoSFP-46	MB258	3.000	28.000
UDInfoSFP-46	MB265	1.000	35.000
UDInfoSFP-46	MB267	14.000	23.000
UDInfoSFP-46	MB276	4.000	40.000
UDInfoSFP-46	MB286	0.000	46.000
UDInfoSFP-46	MB319	3.000	30.000
UDInfoSFP-46	MB320	6.000	35.000
UDInfoSFP-46	MB332	0.000	48.000
UDInfoSFP-46	MB351	1.000	26.000
UDInfoSFP-46	MB358	0.000	44.000
UDInfoSFP-46	MB361	1.000	45.000
UDInfoSFP-46	MB362	8.000	10.000
UDInfoSFP-46	MB363	1.000	39.000
UDInfoSFP-46	MB365	1.000	43.000
UDInfoSFP-46	MB371	14.000	17.000
UDInfoSFP-46	MB377	7.000	29.000
UDInfoSFP-46	MB381	2.000	23.000
UDInfoSFP-46	MB382	0.000	36.000
UDInfoSFP-46	MB391	4.000	29.000
UDInfoSFP-46	MB392	2.000	46.000
UDInfoSFP-46	MB409	3.000	31.000
UDInfoSFP-46	MB410	1.000	41.000
UDInfoSFP-46	MB414	8.000	31.000
UDInfoSFP-46	MB419	0.000	40.000
UDInfoSFP-46	MB420	14.000	13.000
UDInfoSFP-46	MB425	2.000	31.000
UDInfoSFP-46	MB431	1.000	42.000
UDInfoSFP-46	MB436	3.000	36.000
UDInfoSFP-46	MB438	0.000	36.000
UDInfoSFP-46	MB440	11.000	29.000
UDInfoSFP-46	AVG	3.679	33.071
UDInfoSPP-48	RTS1	8.000	4.000
UDInfoSPP-48	RTS2	0.000	33.000
UDInfoSPP-48	RTS4	1.000	41.000
UDInfoSPP-48	RTS5	1.000	21.000
UDInfoSPP-48	RTS6	9.000	28.000
UDInfoSPP-48	RTS10	13.000	0.000
UDInfoSPP-48	RTS13	9.000	7.000
UDInfoSPP-48	RTS14	1.000	18.000
UDInfoSPP-48	RTS19	0.000	31.000
UDInfoSPP-48	RTS21	5.000	26.000
UDInfoSPP-48	RTS24	3.000	34.000
UDInfoSPP-48	RTS25	6.000	19.000
UDInfoSPP-48	RTS27	1.000	42.000
UDInfoSPP-48	RTS28	0.000	21.000
UDInfoSPP-48	RTS31	2.000	45.000
UDInfoSPP-48	RTS32	4.000	27.000
UDInfoSPP-48	RTS35	3.000	17.000
UDInfoSPP-48	RTS36	2.000	20.000
UDInfoSPP-48	RTS37	1.000	47.000
UDInfoSPP-48	RTS43	4.000	26.000
UDInfoSPP-48	MB226	1.000	32.000
UDInfoSPP-48	MB229	8.000	16.000
UDInfoSPP-48	MB230	0.000	43.000
UDInfoSPP-48	MB239	0.000	34.000
UDInfoSPP-48	MB254	0.000	24.000
UDInfoSPP-48	MB256	0.000	23.000
UDInfoSPP-48	MB258	3.000	17.000
UDInfoSPP-48	MB265	0.000	26.000
UDInfoSPP-48	MB267	12.000	12.000
UDInfoSPP-48	MB276	4.000	39.000
UDInfoSPP-48	MB286	0.000	45.000
UDInfoSPP-48	MB319	4.000	15.000
UDInfoSPP-48	MB320	4.000	23.000
UDInfoSPP-48	MB332	0.000	38.000
UDInfoSPP-48	MB351	1.000	26.000
UDInfoSPP-48	MB358	0.000	39.000
UDInfoSPP-48	MB361	1.000	38.000
UDInfoSPP-48	MB362	8.000	6.000
UDInfoSPP-48	MB363	2.000	27.000
UDInfoSPP-48	MB365	1.000	43.000
UDInfoSPP-48	MB371	12.000	12.000
UDInfoSPP-48	MB377	6.000	23.000
UDInfoSPP-48	MB381	2.000	23.000
UDInfoSPP-48	MB382	0.000	29.000
UDInfoSPP-48	MB391	5.000	24.000
UDInfoSPP-48	MB392	3.000	45.000
UDInfoSPP-48	MB409	7.000	19.000
UDInfoSPP-48	MB410	1.000	34.000
UDInfoSPP-48	MB414	8.000	32.000
UDInfoSPP-48	MB419	0.000	35.000
UDInfoSPP-48	MB420	11.000	13.000
UDInfoSPP-48	MB425	2.000	25.000
UDInfoSPP-48	MB431	2.000	35.000
UDInfoSPP-48	MB436	3.000	31.000
UDInfoSPP-48	MB438	0.000	29.000
UDInfoSPP-48	MB440	9.000	20.000
UDInfoSPP-48	AVG	3.446	26.821
UmdHcilBaseline-49	RTS4	0.000	0.000
UmdHcilBaseline-49	RTS10	1.000	0.000
UmdHcilBaseline-49	RTS13	0.000	0.000
UmdHcilBaseline-49	RTS19	0.000	1.000
UmdHcilBaseline-49	RTS24	0.000	0.000
UmdHcilBaseline-49	RTS27	0.000	2.000
UmdHcilBaseline-49	RTS28	0.000	14.000
UmdHcilBaseline-49	RTS31	1.000	6.000
UmdHcilBaseline-49	RTS32	0.000	0.000
UmdHcilBaseline-49	RTS35	0.000	2.000
UmdHcilBaseline-49	RTS37	0.000	4.000
UmdHcilBaseline-49	RTS43	0.000	2.000
UmdHcilBaseline-49	MB226	0.000	0.000
UmdHcilBaseline-49	MB229	0.000	0.000
UmdHcilBaseline-49	MB230	0.000	0.000
UmdHcilBaseline-49	MB265	0.000	0.000
UmdHcilBaseline-49	MB286	0.000	0.000
UmdHcilBaseline-49	MB332	0.000	7.000
UmdHcilBaseline-49	MB361	0.000	2.000
UmdHcilBaseline-49	MB371	0.000	0.000
UmdHcilBaseline-49	MB410	0.000	0.000
UmdHcilBaseline-49	MB419	0.000	0.000
UmdHcilBaseline-49	MB431	0.000	0.000
UmdHcilBaseline-49	AVG	0.036	0.714
WaterlooBaseline-50	RTS1	2.000	3.000
WaterlooBaseline-50	RTS4	0.000	0.000
WaterlooBaseline-50	RTS5	3.000	42.000
WaterlooBaseline-50	RTS6	1.000	25.000
WaterlooBaseline-50	RTS10	4.000	0.000
WaterlooBaseline-50	RTS13	4.000	15.000
WaterlooBaseline-50	RTS21	1.000	2.000
WaterlooBaseline-50	RTS24	4.000	12.000
WaterlooBaseline-50	RTS25	6.000	17.000
WaterlooBaseline-50	RTS28	1.000	4.000
WaterlooBaseline-50	RTS31	1.000	53.000
WaterlooBaseline-50	RTS32	0.000	0.000
WaterlooBaseline-50	RTS35	0.000	0.000
WaterlooBaseline-50	RTS36	1.000	5.000
WaterlooBaseline-50	RTS37	0.000	34.000
WaterlooBaseline-50	RTS43	6.000	25.000
WaterlooBaseline-50	MB226	0.000	1.000
WaterlooBaseline-50	MB229	0.000	1.000
WaterlooBaseline-50	MB230	0.000	29.000
WaterlooBaseline-50	MB254	0.000	0.000
WaterlooBaseline-50	MB256	0.000	53.000
WaterlooBaseline-50	MB258	1.000	1.000
WaterlooBaseline-50	MB286	0.000	3.000
WaterlooBaseline-50	MB319	0.000	0.000
WaterlooBaseline-50	MB361	0.000	0.000
WaterlooBaseline-50	MB362	8.000	1.000
WaterlooBaseline-50	MB363	0.000	3.000
WaterlooBaseline-50	MB381	1.000	0.000
WaterlooBaseline-50	MB382	0.000	0.000
WaterlooBaseline-50	MB392	0.000	26.000
WaterlooBaseline-50	MB410	0.000	0.000
WaterlooBaseline-50	MB414	0.000	1.000
WaterlooBaseline-50	MB431	0.000	0.000
WaterlooBaseline-50	MB440	0.000	0.000
WaterlooBaseline-50	AVG	0.786	6.357
WaterlooBaseline-51	RTS4	0.000	1.000
WaterlooBaseline-51	RTS5	2.000	37.000
WaterlooBaseline-51	RTS6	0.000	3.000
WaterlooBaseline-51	RTS10	4.000	0.000
WaterlooBaseline-51	RTS13	4.000	14.000
WaterlooBaseline-51	RTS19	0.000	6.000
WaterlooBaseline-51	RTS21	1.000	2.000
WaterlooBaseline-51	RTS24	4.000	8.000
WaterlooBaseline-51	RTS25	6.000	15.000
WaterlooBaseline-51	RTS27	0.000	8.000
WaterlooBaseline-51	RTS28	2.000	3.000
WaterlooBaseline-51	RTS31	0.000	54.000
WaterlooBaseline-51	RTS32	0.000	0.000
WaterlooBaseline-51	RTS35	0.000	0.000
WaterlooBaseline-51	RTS36	1.000	2.000
WaterlooBaseline-51	RTS37	0.000	30.000
WaterlooBaseline-51	RTS43	6.000	24.000
WaterlooBaseline-51	MB229	0.000	1.000
WaterlooBaseline-51	MB230	0.000	13.000
WaterlooBaseline-51	MB254	0.000	0.000
WaterlooBaseline-51	MB256	0.000	53.000
WaterlooBaseline-51	MB258	1.000	0.000
WaterlooBaseline-51	MB267	0.000	0.000
WaterlooBaseline-51	MB286	0.000	3.000
WaterlooBaseline-51	MB319	0.000	0.000
WaterlooBaseline-51	MB361	0.000	0.000
WaterlooBaseline-51	MB362	5.000	1.000
WaterlooBaseline-51	MB363	0.000	2.000
WaterlooBaseline-51	MB381	0.000	0.000
WaterlooBaseline-51	MB382	0.000	1.000
WaterlooBaseline-51	MB410	0.000	0.000
WaterlooBaseline-51	MB414	0.000	0.000
WaterlooBaseline-51	MB431	0.000	0.000
WaterlooBaseline-51	MB440	4.000	50.000
WaterlooBaseline-51	AVG	0.714	5.911
