CLIP-A-5.0-0.5	226	0.000	6.000
CLIP-A-5.0-0.5	227	0.000	8.000
CLIP-A-5.0-0.5	228	0.000	0.000
CLIP-A-5.0-0.5	236	7.000	2.000
CLIP-A-5.0-0.5	242	2.000	8.000
CLIP-A-5.0-0.5	243	3.000	5.000
CLIP-A-5.0-0.5	246	7.000	3.000
CLIP-A-5.0-0.5	248	0.000	6.000
CLIP-A-5.0-0.5	249	0.000	10.000
CLIP-A-5.0-0.5	253	0.000	10.000
CLIP-A-5.0-0.5	254	1.000	1.000
CLIP-A-5.0-0.5	255	0.000	8.000
CLIP-A-5.0-0.5	260	0.000	10.000
CLIP-A-5.0-0.5	262	3.000	4.000
CLIP-A-5.0-0.5	265	4.000	0.000
CLIP-A-5.0-0.5	267	0.000	10.000
CLIP-A-5.0-0.5	278	1.000	5.000
CLIP-A-5.0-0.5	284	1.000	7.000
CLIP-A-5.0-0.5	287	3.000	1.000
CLIP-A-5.0-0.5	298	0.000	10.000
CLIP-A-5.0-0.5	305	0.000	10.000
CLIP-A-5.0-0.5	324	0.000	7.000
CLIP-A-5.0-0.5	326	0.000	2.000
CLIP-A-5.0-0.5	331	3.000	7.000
CLIP-A-5.0-0.5	339	1.000	1.000
CLIP-A-5.0-0.5	344	9.000	1.000
CLIP-A-5.0-0.5	348	3.000	6.000
CLIP-A-5.0-0.5	353	0.000	8.000
CLIP-A-5.0-0.5	354	2.000	5.000
CLIP-A-5.0-0.5	357	0.000	10.000
CLIP-A-5.0-0.5	359	0.000	9.000
CLIP-A-5.0-0.5	362	0.000	0.000
CLIP-A-5.0-0.5	366	6.000	4.000
CLIP-A-5.0-0.5	371	8.000	1.000
CLIP-A-5.0-0.5	377	0.000	9.000
CLIP-A-5.0-0.5	379	0.000	1.000
CLIP-A-5.0-0.5	383	0.000	10.000
CLIP-A-5.0-0.5	384	1.000	8.000
CLIP-A-5.0-0.5	389	1.000	1.000
CLIP-A-5.0-0.5	391	0.000	0.000
CLIP-A-5.0-0.5	392	0.000	10.000
CLIP-A-5.0-0.5	400	0.000	0.000
CLIP-A-5.0-0.5	401	3.000	1.000
CLIP-A-5.0-0.5	405	0.000	0.000
CLIP-A-5.0-0.5	409	0.000	3.000
CLIP-A-5.0-0.5	416	0.000	9.000
CLIP-A-5.0-0.5	419	1.000	8.000
CLIP-A-5.0-0.5	432	1.000	7.000
CLIP-A-5.0-0.5	434	1.000	9.000
CLIP-A-5.0-0.5	439	0.000	2.000
CLIP-A-5.0-0.5	448	0.000	2.000
CLIP-A-5.0-0.5	AVG	1.412	5.196
CLIP-A-5.0-0.6	226	0.000	6.000
CLIP-A-5.0-0.6	227	0.000	8.000
CLIP-A-5.0-0.6	228	0.000	0.000
CLIP-A-5.0-0.6	236	7.000	3.000
CLIP-A-5.0-0.6	242	2.000	8.000
CLIP-A-5.0-0.6	243	5.000	4.000
CLIP-A-5.0-0.6	246	3.000	5.000
CLIP-A-5.0-0.6	248	0.000	6.000
CLIP-A-5.0-0.6	249	0.000	10.000
CLIP-A-5.0-0.6	253	0.000	10.000
CLIP-A-5.0-0.6	254	1.000	1.000
CLIP-A-5.0-0.6	255	0.000	8.000
CLIP-A-5.0-0.6	260	0.000	10.000
CLIP-A-5.0-0.6	262	2.000	6.000
CLIP-A-5.0-0.6	265	4.000	1.000
CLIP-A-5.0-0.6	267	0.000	10.000
CLIP-A-5.0-0.6	278	2.000	5.000
CLIP-A-5.0-0.6	284	2.000	6.000
CLIP-A-5.0-0.6	287	5.000	1.000
CLIP-A-5.0-0.6	298	0.000	10.000
CLIP-A-5.0-0.6	305	0.000	10.000
CLIP-A-5.0-0.6	324	0.000	7.000
CLIP-A-5.0-0.6	326	1.000	4.000
CLIP-A-5.0-0.6	331	1.000	9.000
CLIP-A-5.0-0.6	339	1.000	1.000
CLIP-A-5.0-0.6	344	10.000	0.000
CLIP-A-5.0-0.6	348	2.000	7.000
CLIP-A-5.0-0.6	353	0.000	8.000
CLIP-A-5.0-0.6	354	0.000	9.000
CLIP-A-5.0-0.6	357	0.000	10.000
CLIP-A-5.0-0.6	359	0.000	10.000
CLIP-A-5.0-0.6	362	0.000	0.000
CLIP-A-5.0-0.6	366	6.000	4.000
CLIP-A-5.0-0.6	371	5.000	5.000
CLIP-A-5.0-0.6	377	0.000	9.000
CLIP-A-5.0-0.6	379	0.000	1.000
CLIP-A-5.0-0.6	383	0.000	10.000
CLIP-A-5.0-0.6	384	1.000	8.000
CLIP-A-5.0-0.6	389	1.000	1.000
CLIP-A-5.0-0.6	391	0.000	0.000
CLIP-A-5.0-0.6	392	0.000	10.000
CLIP-A-5.0-0.6	400	0.000	0.000
CLIP-A-5.0-0.6	401	5.000	1.000
CLIP-A-5.0-0.6	405	0.000	0.000
CLIP-A-5.0-0.6	409	0.000	4.000
CLIP-A-5.0-0.6	416	1.000	9.000
CLIP-A-5.0-0.6	419	2.000	7.000
CLIP-A-5.0-0.6	432	1.000	7.000
CLIP-A-5.0-0.6	434	2.000	8.000
CLIP-A-5.0-0.6	439	1.000	1.000
CLIP-A-5.0-0.6	448	0.000	2.000
CLIP-A-5.0-0.6	AVG	1.431	5.490
CLIP-A-DYN-0.5	226	0.000	6.000
CLIP-A-DYN-0.5	227	0.000	8.000
CLIP-A-DYN-0.5	228	0.000	0.000
CLIP-A-DYN-0.5	236	8.000	0.000
CLIP-A-DYN-0.5	242	0.000	10.000
CLIP-A-DYN-0.5	243	3.000	5.000
CLIP-A-DYN-0.5	246	3.000	5.000
CLIP-A-DYN-0.5	248	0.000	6.000
CLIP-A-DYN-0.5	249	0.000	7.000
CLIP-A-DYN-0.5	253	0.000	10.000
CLIP-A-DYN-0.5	254	1.000	1.000
CLIP-A-DYN-0.5	255	0.000	8.000
CLIP-A-DYN-0.5	260	0.000	10.000
CLIP-A-DYN-0.5	262	3.000	4.000
CLIP-A-DYN-0.5	265	4.000	0.000
CLIP-A-DYN-0.5	267	1.000	8.000
CLIP-A-DYN-0.5	278	1.000	5.000
CLIP-A-DYN-0.5	284	2.000	5.000
CLIP-A-DYN-0.5	287	3.000	1.000
CLIP-A-DYN-0.5	298	0.000	10.000
CLIP-A-DYN-0.5	305	0.000	8.000
CLIP-A-DYN-0.5	324	0.000	7.000
CLIP-A-DYN-0.5	326	0.000	2.000
CLIP-A-DYN-0.5	331	2.000	8.000
CLIP-A-DYN-0.5	339	1.000	1.000
CLIP-A-DYN-0.5	344	8.000	0.000
CLIP-A-DYN-0.5	348	3.000	6.000
CLIP-A-DYN-0.5	353	0.000	8.000
CLIP-A-DYN-0.5	354	4.000	1.000
CLIP-A-DYN-0.5	357	0.000	8.000
CLIP-A-DYN-0.5	359	1.000	7.000
CLIP-A-DYN-0.5	362	0.000	0.000
CLIP-A-DYN-0.5	366	4.000	6.000
CLIP-A-DYN-0.5	371	5.000	2.000
CLIP-A-DYN-0.5	377	0.000	9.000
CLIP-A-DYN-0.5	379	0.000	1.000
CLIP-A-DYN-0.5	383	1.000	9.000
CLIP-A-DYN-0.5	384	1.000	8.000
CLIP-A-DYN-0.5	389	1.000	1.000
CLIP-A-DYN-0.5	391	0.000	0.000
CLIP-A-DYN-0.5	392	1.000	9.000
CLIP-A-DYN-0.5	400	0.000	0.000
CLIP-A-DYN-0.5	401	3.000	1.000
CLIP-A-DYN-0.5	405	0.000	0.000
CLIP-A-DYN-0.5	409	0.000	3.000
CLIP-A-DYN-0.5	416	0.000	8.000
CLIP-A-DYN-0.5	419	1.000	8.000
CLIP-A-DYN-0.5	432	1.000	7.000
CLIP-A-DYN-0.5	434	1.000	9.000
CLIP-A-DYN-0.5	439	0.000	2.000
CLIP-A-DYN-0.5	448	0.000	2.000
CLIP-A-DYN-0.5	AVG	1.314	4.902
ECNURUNA1	226	0.000	0.000
ECNURUNA1	227	0.000	10.000
ECNURUNA1	236	1.000	1.000
ECNURUNA1	246	5.000	4.000
ECNURUNA1	248	0.000	0.000
ECNURUNA1	249	0.000	0.000
ECNURUNA1	253	0.000	7.000
ECNURUNA1	255	0.000	0.000
ECNURUNA1	260	0.000	2.000
ECNURUNA1	262	2.000	5.000
ECNURUNA1	265	4.000	5.000
ECNURUNA1	278	1.000	7.000
ECNURUNA1	284	1.000	6.000
ECNURUNA1	287	6.000	1.000
ECNURUNA1	298	1.000	1.000
ECNURUNA1	305	1.000	7.000
ECNURUNA1	324	0.000	0.000
ECNURUNA1	326	0.000	8.000
ECNURUNA1	331	1.000	9.000
ECNURUNA1	339	2.000	1.000
ECNURUNA1	344	9.000	0.000
ECNURUNA1	348	1.000	1.000
ECNURUNA1	353	0.000	0.000
ECNURUNA1	359	0.000	10.000
ECNURUNA1	362	4.000	2.000
ECNURUNA1	366	3.000	3.000
ECNURUNA1	377	0.000	1.000
ECNURUNA1	379	0.000	1.000
ECNURUNA1	383	1.000	8.000
ECNURUNA1	384	0.000	0.000
ECNURUNA1	389	1.000	9.000
ECNURUNA1	392	1.000	7.000
ECNURUNA1	400	0.000	10.000
ECNURUNA1	401	2.000	8.000
ECNURUNA1	405	0.000	0.000
ECNURUNA1	409	0.000	0.000
ECNURUNA1	419	2.000	3.000
ECNURUNA1	432	3.000	2.000
ECNURUNA1	434	2.000	6.000
ECNURUNA1	439	2.000	3.000
ECNURUNA1	448	0.000	0.000
ECNURUNA1	AVG	1.098	2.902
ECNURUNA2	226	0.000	0.000
ECNURUNA2	227	0.000	7.000
ECNURUNA2	236	1.000	1.000
ECNURUNA2	246	7.000	1.000
ECNURUNA2	248	0.000	0.000
ECNURUNA2	249	0.000	0.000
ECNURUNA2	253	1.000	6.000
ECNURUNA2	255	0.000	0.000
ECNURUNA2	260	0.000	1.000
ECNURUNA2	262	2.000	4.000
ECNURUNA2	265	3.000	4.000
ECNURUNA2	278	1.000	7.000
ECNURUNA2	284	1.000	7.000
ECNURUNA2	287	5.000	2.000
ECNURUNA2	298	1.000	1.000
ECNURUNA2	305	0.000	8.000
ECNURUNA2	324	0.000	0.000
ECNURUNA2	326	1.000	6.000
ECNURUNA2	331	2.000	7.000
ECNURUNA2	339	0.000	0.000
ECNURUNA2	344	10.000	0.000
ECNURUNA2	348	1.000	1.000
ECNURUNA2	353	0.000	0.000
ECNURUNA2	359	0.000	10.000
ECNURUNA2	362	4.000	2.000
ECNURUNA2	366	3.000	2.000
ECNURUNA2	377	0.000	1.000
ECNURUNA2	379	0.000	2.000
ECNURUNA2	383	1.000	8.000
ECNURUNA2	384	0.000	0.000
ECNURUNA2	389	1.000	9.000
ECNURUNA2	392	0.000	8.000
ECNURUNA2	400	0.000	10.000
ECNURUNA2	401	3.000	7.000
ECNURUNA2	405	0.000	0.000
ECNURUNA2	409	0.000	0.000
ECNURUNA2	419	2.000	3.000
ECNURUNA2	432	3.000	2.000
ECNURUNA2	434	2.000	6.000
ECNURUNA2	439	2.000	2.000
ECNURUNA2	448	0.000	0.000
ECNURUNA2	AVG	1.118	2.647
ECNURUNA3	226	0.000	0.000
ECNURUNA3	227	0.000	7.000
ECNURUNA3	236	1.000	1.000
ECNURUNA3	246	5.000	4.000
ECNURUNA3	248	0.000	0.000
ECNURUNA3	249	0.000	0.000
ECNURUNA3	253	0.000	7.000
ECNURUNA3	260	0.000	1.000
ECNURUNA3	262	2.000	4.000
ECNURUNA3	265	2.000	6.000
ECNURUNA3	278	1.000	7.000
ECNURUNA3	284	1.000	6.000
ECNURUNA3	287	5.000	0.000
ECNURUNA3	298	1.000	1.000
ECNURUNA3	305	0.000	8.000
ECNURUNA3	324	0.000	0.000
ECNURUNA3	326	0.000	7.000
ECNURUNA3	331	1.000	8.000
ECNURUNA3	339	0.000	0.000
ECNURUNA3	344	9.000	1.000
ECNURUNA3	348	1.000	0.000
ECNURUNA3	353	0.000	0.000
ECNURUNA3	359	1.000	9.000
ECNURUNA3	362	3.000	3.000
ECNURUNA3	366	5.000	1.000
ECNURUNA3	377	0.000	1.000
ECNURUNA3	379	2.000	0.000
ECNURUNA3	383	0.000	8.000
ECNURUNA3	384	0.000	0.000
ECNURUNA3	389	2.000	6.000
ECNURUNA3	392	0.000	8.000
ECNURUNA3	400	1.000	9.000
ECNURUNA3	401	2.000	8.000
ECNURUNA3	405	0.000	0.000
ECNURUNA3	409	0.000	0.000
ECNURUNA3	419	1.000	1.000
ECNURUNA3	432	2.000	2.000
ECNURUNA3	434	2.000	6.000
ECNURUNA3	439	2.000	0.000
ECNURUNA3	448	0.000	0.000
ECNURUNA3	AVG	1.020	2.549
hpclab_pi_algA	228	0.000	0.000
hpclab_pi_algA	242	0.000	0.000
hpclab_pi_algA	243	0.000	2.000
hpclab_pi_algA	246	0.000	5.000
hpclab_pi_algA	248	0.000	6.000
hpclab_pi_algA	253	0.000	2.000
hpclab_pi_algA	254	0.000	0.000
hpclab_pi_algA	255	0.000	0.000
hpclab_pi_algA	260	0.000	6.000
hpclab_pi_algA	267	0.000	0.000
hpclab_pi_algA	278	0.000	0.000
hpclab_pi_algA	284	0.000	6.000
hpclab_pi_algA	298	0.000	2.000
hpclab_pi_algA	326	0.000	0.000
hpclab_pi_algA	331	0.000	2.000
hpclab_pi_algA	344	0.000	10.000
hpclab_pi_algA	354	0.000	6.000
hpclab_pi_algA	359	0.000	0.000
hpclab_pi_algA	362	0.000	0.000
hpclab_pi_algA	366	0.000	0.000
hpclab_pi_algA	371	0.000	10.000
hpclab_pi_algA	383	0.000	0.000
hpclab_pi_algA	389	0.000	1.000
hpclab_pi_algA	392	0.000	0.000
hpclab_pi_algA	401	0.000	1.000
hpclab_pi_algA	405	0.000	0.000
hpclab_pi_algA	AVG	0.000	1.157
IRIT-KLTFIDF	228	0.000	0.000
IRIT-KLTFIDF	236	2.000	0.000
IRIT-KLTFIDF	242	0.000	2.000
IRIT-KLTFIDF	243	0.000	1.000
IRIT-KLTFIDF	246	7.000	1.000
IRIT-KLTFIDF	248	0.000	0.000
IRIT-KLTFIDF	249	0.000	0.000
IRIT-KLTFIDF	253	0.000	0.000
IRIT-KLTFIDF	260	0.000	0.000
IRIT-KLTFIDF	262	0.000	0.000
IRIT-KLTFIDF	267	0.000	0.000
IRIT-KLTFIDF	284	0.000	0.000
IRIT-KLTFIDF	287	0.000	0.000
IRIT-KLTFIDF	298	0.000	0.000
IRIT-KLTFIDF	305	0.000	0.000
IRIT-KLTFIDF	331	1.000	1.000
IRIT-KLTFIDF	339	0.000	0.000
IRIT-KLTFIDF	344	9.000	1.000
IRIT-KLTFIDF	348	0.000	0.000
IRIT-KLTFIDF	353	0.000	0.000
IRIT-KLTFIDF	354	1.000	1.000
IRIT-KLTFIDF	359	0.000	4.000
IRIT-KLTFIDF	366	0.000	0.000
IRIT-KLTFIDF	377	0.000	0.000
IRIT-KLTFIDF	383	0.000	0.000
IRIT-KLTFIDF	389	0.000	1.000
IRIT-KLTFIDF	400	0.000	0.000
IRIT-KLTFIDF	401	1.000	0.000
IRIT-KLTFIDF	432	0.000	0.000
IRIT-KLTFIDF	434	0.000	0.000
IRIT-KLTFIDF	439	0.000	0.000
IRIT-KLTFIDF	AVG	0.412	0.235
IRIT-RTNotif.33	226	0.000	0.000
IRIT-RTNotif.33	227	0.000	6.000
IRIT-RTNotif.33	228	0.000	0.000
IRIT-RTNotif.33	236	0.000	0.000
IRIT-RTNotif.33	242	1.000	5.000
IRIT-RTNotif.33	243	1.000	1.000
IRIT-RTNotif.33	246	0.000	0.000
IRIT-RTNotif.33	248	0.000	1.000
IRIT-RTNotif.33	249	0.000	0.000
IRIT-RTNotif.33	253	0.000	0.000
IRIT-RTNotif.33	254	0.000	10.000
IRIT-RTNotif.33	255	0.000	2.000
IRIT-RTNotif.33	260	0.000	0.000
IRIT-RTNotif.33	262	0.000	0.000
IRIT-RTNotif.33	265	0.000	3.000
IRIT-RTNotif.33	267	0.000	0.000
IRIT-RTNotif.33	278	0.000	0.000
IRIT-RTNotif.33	284	0.000	2.000
IRIT-RTNotif.33	287	0.000	0.000
IRIT-RTNotif.33	298	0.000	0.000
IRIT-RTNotif.33	305	0.000	0.000
IRIT-RTNotif.33	324	0.000	0.000
IRIT-RTNotif.33	326	0.000	7.000
IRIT-RTNotif.33	331	2.000	6.000
IRIT-RTNotif.33	339	0.000	0.000
IRIT-RTNotif.33	344	9.000	0.000
IRIT-RTNotif.33	353	0.000	0.000
IRIT-RTNotif.33	354	2.000	3.000
IRIT-RTNotif.33	357	0.000	0.000
IRIT-RTNotif.33	359	0.000	10.000
IRIT-RTNotif.33	362	0.000	5.000
IRIT-RTNotif.33	366	0.000	1.000
IRIT-RTNotif.33	371	2.000	4.000
IRIT-RTNotif.33	377	0.000	0.000
IRIT-RTNotif.33	379	0.000	9.000
IRIT-RTNotif.33	383	0.000	0.000
IRIT-RTNotif.33	389	0.000	10.000
IRIT-RTNotif.33	391	0.000	0.000
IRIT-RTNotif.33	392	0.000	2.000
IRIT-RTNotif.33	400	0.000	2.000
IRIT-RTNotif.33	401	1.000	9.000
IRIT-RTNotif.33	405	0.000	6.000
IRIT-RTNotif.33	409	0.000	0.000
IRIT-RTNotif.33	419	0.000	0.000
IRIT-RTNotif.33	432	1.000	1.000
IRIT-RTNotif.33	434	0.000	0.000
IRIT-RTNotif.33	439	0.000	2.000
IRIT-RTNotif.33	AVG	0.373	2.098
IritSigSDA	253	0.000	7.000
IritSigSDA	254	0.000	9.000
IritSigSDA	255	0.000	0.000
IritSigSDA	265	1.000	0.000
IritSigSDA	298	0.000	0.000
IritSigSDA	305	0.000	0.000
IritSigSDA	326	0.000	0.000
IritSigSDA	331	0.000	0.000
IritSigSDA	344	0.000	0.000
IritSigSDA	348	0.000	0.000
IritSigSDA	354	0.000	7.000
IritSigSDA	359	0.000	7.000
IritSigSDA	362	0.000	0.000
IritSigSDA	371	0.000	0.000
IritSigSDA	383	0.000	2.000
IritSigSDA	389	0.000	0.000
IritSigSDA	392	0.000	0.000
IritSigSDA	401	1.000	9.000
IritSigSDA	405	0.000	0.000
IritSigSDA	419	0.000	0.000
IritSigSDA	432	0.000	2.000
IritSigSDA	434	0.000	5.000
IritSigSDA	439	0.000	0.000
IritSigSDA	448	0.000	0.000
IritSigSDA	AVG	0.039	0.941
MPII_COMB_SORT	226	0.000	9.000
MPII_COMB_SORT	227	0.000	10.000
MPII_COMB_SORT	228	0.000	10.000
MPII_COMB_SORT	236	4.000	5.000
MPII_COMB_SORT	242	2.000	8.000
MPII_COMB_SORT	243	4.000	6.000
MPII_COMB_SORT	246	3.000	7.000
MPII_COMB_SORT	248	0.000	8.000
MPII_COMB_SORT	249	0.000	10.000
MPII_COMB_SORT	253	0.000	10.000
MPII_COMB_SORT	254	0.000	10.000
MPII_COMB_SORT	255	0.000	9.000
MPII_COMB_SORT	260	0.000	10.000
MPII_COMB_SORT	262	0.000	10.000
MPII_COMB_SORT	265	1.000	9.000
MPII_COMB_SORT	267	2.000	8.000
MPII_COMB_SORT	278	0.000	10.000
MPII_COMB_SORT	284	0.000	10.000
MPII_COMB_SORT	287	1.000	9.000
MPII_COMB_SORT	298	0.000	10.000
MPII_COMB_SORT	305	0.000	10.000
MPII_COMB_SORT	324	0.000	10.000
MPII_COMB_SORT	326	0.000	10.000
MPII_COMB_SORT	331	0.000	10.000
MPII_COMB_SORT	339	0.000	10.000
MPII_COMB_SORT	344	9.000	0.000
MPII_COMB_SORT	348	2.000	8.000
MPII_COMB_SORT	353	0.000	9.000
MPII_COMB_SORT	354	0.000	10.000
MPII_COMB_SORT	357	0.000	10.000
MPII_COMB_SORT	359	0.000	10.000
MPII_COMB_SORT	362	0.000	10.000
MPII_COMB_SORT	366	2.000	8.000
MPII_COMB_SORT	371	2.000	8.000
MPII_COMB_SORT	377	0.000	10.000
MPII_COMB_SORT	379	1.000	9.000
MPII_COMB_SORT	383	0.000	10.000
MPII_COMB_SORT	384	0.000	10.000
MPII_COMB_SORT	389	3.000	5.000
MPII_COMB_SORT	391	1.000	9.000
MPII_COMB_SORT	392	1.000	9.000
MPII_COMB_SORT	400	0.000	10.000
MPII_COMB_SORT	401	3.000	6.000
MPII_COMB_SORT	405	0.000	10.000
MPII_COMB_SORT	409	0.000	10.000
MPII_COMB_SORT	416	1.000	9.000
MPII_COMB_SORT	419	1.000	9.000
MPII_COMB_SORT	432	0.000	10.000
MPII_COMB_SORT	434	0.000	10.000
MPII_COMB_SORT	439	0.000	10.000
MPII_COMB_SORT	448	0.000	9.000
MPII_COMB_SORT	AVG	0.843	8.941
MPII_HYBRID_PW	226	0.000	5.000
MPII_HYBRID_PW	227	0.000	1.000
MPII_HYBRID_PW	228	0.000	2.000
MPII_HYBRID_PW	236	2.000	4.000
MPII_HYBRID_PW	242	4.000	3.000
MPII_HYBRID_PW	243	1.000	4.000
MPII_HYBRID_PW	246	2.000	5.000
MPII_HYBRID_PW	248	0.000	2.000
MPII_HYBRID_PW	249	0.000	6.000
MPII_HYBRID_PW	253	0.000	5.000
MPII_HYBRID_PW	254	0.000	4.000
MPII_HYBRID_PW	255	0.000	2.000
MPII_HYBRID_PW	260	0.000	5.000
MPII_HYBRID_PW	262	0.000	1.000
MPII_HYBRID_PW	265	1.000	1.000
MPII_HYBRID_PW	267	1.000	5.000
MPII_HYBRID_PW	278	0.000	2.000
MPII_HYBRID_PW	284	0.000	2.000
MPII_HYBRID_PW	287	1.000	0.000
MPII_HYBRID_PW	298	0.000	5.000
MPII_HYBRID_PW	305	0.000	5.000
MPII_HYBRID_PW	324	0.000	1.000
MPII_HYBRID_PW	326	0.000	2.000
MPII_HYBRID_PW	331	0.000	6.000
MPII_HYBRID_PW	339	1.000	1.000
MPII_HYBRID_PW	344	5.000	0.000
MPII_HYBRID_PW	348	0.000	2.000
MPII_HYBRID_PW	353	0.000	2.000
MPII_HYBRID_PW	354	0.000	6.000
MPII_HYBRID_PW	357	0.000	2.000
MPII_HYBRID_PW	359	0.000	4.000
MPII_HYBRID_PW	362	0.000	3.000
MPII_HYBRID_PW	366	4.000	2.000
MPII_HYBRID_PW	371	1.000	0.000
MPII_HYBRID_PW	377	1.000	4.000
MPII_HYBRID_PW	379	0.000	2.000
MPII_HYBRID_PW	383	0.000	2.000
MPII_HYBRID_PW	384	0.000	5.000
MPII_HYBRID_PW	389	1.000	4.000
MPII_HYBRID_PW	391	0.000	2.000
MPII_HYBRID_PW	392	0.000	5.000
MPII_HYBRID_PW	400	0.000	2.000
MPII_HYBRID_PW	401	3.000	3.000
MPII_HYBRID_PW	405	0.000	2.000
MPII_HYBRID_PW	409	0.000	0.000
MPII_HYBRID_PW	416	0.000	2.000
MPII_HYBRID_PW	419	0.000	2.000
MPII_HYBRID_PW	432	0.000	2.000
MPII_HYBRID_PW	434	1.000	3.000
MPII_HYBRID_PW	439	0.000	2.000
MPII_HYBRID_PW	448	0.000	1.000
MPII_HYBRID_PW	AVG	0.569	2.804
MPII_LUC_SORT	226	0.000	10.000
MPII_LUC_SORT	227	0.000	10.000
MPII_LUC_SORT	228	0.000	10.000
MPII_LUC_SORT	236	5.000	4.000
MPII_LUC_SORT	242	1.000	8.000
MPII_LUC_SORT	243	5.000	4.000
MPII_LUC_SORT	246	5.000	5.000
MPII_LUC_SORT	248	0.000	8.000
MPII_LUC_SORT	249	0.000	10.000
MPII_LUC_SORT	253	0.000	10.000
MPII_LUC_SORT	254	0.000	10.000
MPII_LUC_SORT	255	0.000	8.000
MPII_LUC_SORT	260	0.000	9.000
MPII_LUC_SORT	262	1.000	8.000
MPII_LUC_SORT	265	0.000	8.000
MPII_LUC_SORT	267	1.000	8.000
MPII_LUC_SORT	278	0.000	9.000
MPII_LUC_SORT	284	2.000	6.000
MPII_LUC_SORT	287	2.000	8.000
MPII_LUC_SORT	298	0.000	8.000
MPII_LUC_SORT	305	0.000	9.000
MPII_LUC_SORT	324	0.000	8.000
MPII_LUC_SORT	326	0.000	10.000
MPII_LUC_SORT	331	1.000	9.000
MPII_LUC_SORT	339	1.000	9.000
MPII_LUC_SORT	344	8.000	0.000
MPII_LUC_SORT	348	2.000	6.000
MPII_LUC_SORT	353	0.000	8.000
MPII_LUC_SORT	354	2.000	8.000
MPII_LUC_SORT	357	0.000	10.000
MPII_LUC_SORT	359	1.000	8.000
MPII_LUC_SORT	362	3.000	7.000
MPII_LUC_SORT	366	5.000	5.000
MPII_LUC_SORT	371	5.000	4.000
MPII_LUC_SORT	377	2.000	8.000
MPII_LUC_SORT	379	0.000	9.000
MPII_LUC_SORT	383	1.000	7.000
MPII_LUC_SORT	384	0.000	10.000
MPII_LUC_SORT	389	1.000	6.000
MPII_LUC_SORT	391	0.000	8.000
MPII_LUC_SORT	392	2.000	8.000
MPII_LUC_SORT	400	2.000	7.000
MPII_LUC_SORT	401	4.000	3.000
MPII_LUC_SORT	405	0.000	8.000
MPII_LUC_SORT	409	1.000	8.000
MPII_LUC_SORT	416	0.000	9.000
MPII_LUC_SORT	419	3.000	5.000
MPII_LUC_SORT	432	1.000	7.000
MPII_LUC_SORT	434	1.000	8.000
MPII_LUC_SORT	439	0.000	9.000
MPII_LUC_SORT	448	0.000	8.000
MPII_LUC_SORT	AVG	1.333	7.647
PKUICSTRunA1	226	0.000	10.000
PKUICSTRunA1	227	0.000	0.000
PKUICSTRunA1	228	0.000	7.000
PKUICSTRunA1	236	6.000	0.000
PKUICSTRunA1	242	1.000	5.000
PKUICSTRunA1	243	1.000	5.000
PKUICSTRunA1	246	2.000	2.000
PKUICSTRunA1	248	0.000	8.000
PKUICSTRunA1	249	0.000	3.000
PKUICSTRunA1	253	0.000	9.000
PKUICSTRunA1	254	0.000	7.000
PKUICSTRunA1	255	0.000	7.000
PKUICSTRunA1	260	0.000	8.000
PKUICSTRunA1	262	1.000	6.000
PKUICSTRunA1	265	0.000	0.000
PKUICSTRunA1	267	0.000	5.000
PKUICSTRunA1	278	0.000	7.000
PKUICSTRunA1	284	1.000	3.000
PKUICSTRunA1	287	4.000	3.000
PKUICSTRunA1	298	1.000	5.000
PKUICSTRunA1	305	0.000	8.000
PKUICSTRunA1	324	0.000	9.000
PKUICSTRunA1	326	0.000	8.000
PKUICSTRunA1	331	0.000	4.000
PKUICSTRunA1	339	0.000	8.000
PKUICSTRunA1	344	0.000	0.000
PKUICSTRunA1	348	0.000	8.000
PKUICSTRunA1	353	0.000	8.000
PKUICSTRunA1	354	0.000	1.000
PKUICSTRunA1	357	1.000	7.000
PKUICSTRunA1	359	0.000	0.000
PKUICSTRunA1	362	0.000	8.000
PKUICSTRunA1	366	2.000	4.000
PKUICSTRunA1	371	3.000	2.000
PKUICSTRunA1	377	0.000	4.000
PKUICSTRunA1	379	0.000	9.000
PKUICSTRunA1	383	0.000	6.000
PKUICSTRunA1	384	0.000	8.000
PKUICSTRunA1	389	1.000	9.000
PKUICSTRunA1	391	3.000	3.000
PKUICSTRunA1	392	1.000	6.000
PKUICSTRunA1	400	0.000	1.000
PKUICSTRunA1	401	4.000	2.000
PKUICSTRunA1	405	1.000	7.000
PKUICSTRunA1	409	1.000	9.000
PKUICSTRunA1	416	0.000	8.000
PKUICSTRunA1	419	4.000	4.000
PKUICSTRunA1	432	0.000	8.000
PKUICSTRunA1	434	1.000	3.000
PKUICSTRunA1	439	0.000	10.000
PKUICSTRunA1	448	0.000	10.000
PKUICSTRunA1	AVG	0.765	5.529
PKUICSTRunA2	226	0.000	0.000
PKUICSTRunA2	228	0.000	0.000
PKUICSTRunA2	236	6.000	1.000
PKUICSTRunA2	242	0.000	3.000
PKUICSTRunA2	243	1.000	1.000
PKUICSTRunA2	246	2.000	5.000
PKUICSTRunA2	248	0.000	0.000
PKUICSTRunA2	249	0.000	5.000
PKUICSTRunA2	253	0.000	5.000
PKUICSTRunA2	254	0.000	0.000
PKUICSTRunA2	255	0.000	0.000
PKUICSTRunA2	260	0.000	0.000
PKUICSTRunA2	262	0.000	0.000
PKUICSTRunA2	267	0.000	2.000
PKUICSTRunA2	278	1.000	1.000
PKUICSTRunA2	284	3.000	4.000
PKUICSTRunA2	287	1.000	0.000
PKUICSTRunA2	298	0.000	2.000
PKUICSTRunA2	305	0.000	4.000
PKUICSTRunA2	324	0.000	0.000
PKUICSTRunA2	326	1.000	1.000
PKUICSTRunA2	331	4.000	5.000
PKUICSTRunA2	339	0.000	0.000
PKUICSTRunA2	344	6.000	0.000
PKUICSTRunA2	348	1.000	0.000
PKUICSTRunA2	353	0.000	0.000
PKUICSTRunA2	354	1.000	5.000
PKUICSTRunA2	357	0.000	0.000
PKUICSTRunA2	359	0.000	8.000
PKUICSTRunA2	362	2.000	0.000
PKUICSTRunA2	366	1.000	6.000
PKUICSTRunA2	371	2.000	4.000
PKUICSTRunA2	379	0.000	0.000
PKUICSTRunA2	383	0.000	0.000
PKUICSTRunA2	384	0.000	9.000
PKUICSTRunA2	389	0.000	2.000
PKUICSTRunA2	391	0.000	0.000
PKUICSTRunA2	392	0.000	0.000
PKUICSTRunA2	400	6.000	2.000
PKUICSTRunA2	401	3.000	4.000
PKUICSTRunA2	405	0.000	0.000
PKUICSTRunA2	409	0.000	2.000
PKUICSTRunA2	416	0.000	0.000
PKUICSTRunA2	419	0.000	0.000
PKUICSTRunA2	432	0.000	0.000
PKUICSTRunA2	434	4.000	4.000
PKUICSTRunA2	439	0.000	0.000
PKUICSTRunA2	448	0.000	0.000
PKUICSTRunA2	AVG	0.882	1.667
PKUICSTRunA3	226	0.000	10.000
PKUICSTRunA3	227	0.000	0.000
PKUICSTRunA3	228	0.000	7.000
PKUICSTRunA3	236	8.000	0.000
PKUICSTRunA3	242	0.000	7.000
PKUICSTRunA3	243	4.000	3.000
PKUICSTRunA3	246	2.000	3.000
PKUICSTRunA3	248	0.000	8.000
PKUICSTRunA3	249	0.000	7.000
PKUICSTRunA3	253	0.000	10.000
PKUICSTRunA3	254	0.000	8.000
PKUICSTRunA3	255	0.000	8.000
PKUICSTRunA3	260	0.000	9.000
PKUICSTRunA3	262	2.000	5.000
PKUICSTRunA3	265	1.000	0.000
PKUICSTRunA3	267	0.000	5.000
PKUICSTRunA3	278	2.000	5.000
PKUICSTRunA3	284	1.000	7.000
PKUICSTRunA3	287	3.000	4.000
PKUICSTRunA3	298	1.000	6.000
PKUICSTRunA3	305	0.000	8.000
PKUICSTRunA3	324	0.000	9.000
PKUICSTRunA3	326	1.000	6.000
PKUICSTRunA3	331	0.000	7.000
PKUICSTRunA3	339	0.000	8.000
PKUICSTRunA3	344	1.000	0.000
PKUICSTRunA3	348	1.000	7.000
PKUICSTRunA3	353	0.000	9.000
PKUICSTRunA3	354	0.000	4.000
PKUICSTRunA3	357	0.000	8.000
PKUICSTRunA3	359	0.000	2.000
PKUICSTRunA3	362	1.000	7.000
PKUICSTRunA3	366	3.000	4.000
PKUICSTRunA3	371	4.000	2.000
PKUICSTRunA3	377	0.000	5.000
PKUICSTRunA3	379	1.000	8.000
PKUICSTRunA3	383	0.000	7.000
PKUICSTRunA3	384	0.000	8.000
PKUICSTRunA3	389	1.000	9.000
PKUICSTRunA3	391	1.000	6.000
PKUICSTRunA3	392	1.000	6.000
PKUICSTRunA3	400	1.000	1.000
PKUICSTRunA3	401	5.000	3.000
PKUICSTRunA3	405	1.000	8.000
PKUICSTRunA3	409	1.000	9.000
PKUICSTRunA3	416	0.000	8.000
PKUICSTRunA3	419	3.000	4.000
PKUICSTRunA3	432	0.000	8.000
PKUICSTRunA3	434	1.000	5.000
PKUICSTRunA3	439	2.000	8.000
PKUICSTRunA3	448	0.000	10.000
PKUICSTRunA3	AVG	1.039	6.000
prnaTaskA1	227	0.000	0.000
prnaTaskA1	236	0.000	0.000
prnaTaskA1	242	0.000	1.000
prnaTaskA1	243	0.000	0.000
prnaTaskA1	246	4.000	3.000
prnaTaskA1	249	0.000	0.000
prnaTaskA1	253	0.000	8.000
prnaTaskA1	254	0.000	0.000
prnaTaskA1	260	0.000	0.000
prnaTaskA1	262	0.000	0.000
prnaTaskA1	265	0.000	0.000
prnaTaskA1	267	0.000	1.000
prnaTaskA1	278	0.000	0.000
prnaTaskA1	284	0.000	0.000
prnaTaskA1	287	0.000	0.000
prnaTaskA1	298	0.000	0.000
prnaTaskA1	305	0.000	2.000
prnaTaskA1	331	0.000	8.000
prnaTaskA1	339	0.000	0.000
prnaTaskA1	344	8.000	0.000
prnaTaskA1	353	0.000	0.000
prnaTaskA1	354	0.000	0.000
prnaTaskA1	359	0.000	8.000
prnaTaskA1	362	0.000	0.000
prnaTaskA1	366	0.000	0.000
prnaTaskA1	377	0.000	0.000
prnaTaskA1	401	0.000	0.000
prnaTaskA1	409	0.000	0.000
prnaTaskA1	416	0.000	0.000
prnaTaskA1	419	0.000	0.000
prnaTaskA1	432	0.000	0.000
prnaTaskA1	439	0.000	0.000
prnaTaskA1	AVG	0.235	0.608
prnaTaskA2	227	0.000	0.000
prnaTaskA2	236	0.000	0.000
prnaTaskA2	242	0.000	0.000
prnaTaskA2	243	0.000	0.000
prnaTaskA2	246	3.000	3.000
prnaTaskA2	249	0.000	0.000
prnaTaskA2	253	0.000	4.000
prnaTaskA2	254	0.000	0.000
prnaTaskA2	260	0.000	0.000
prnaTaskA2	262	0.000	0.000
prnaTaskA2	267	0.000	0.000
prnaTaskA2	278	0.000	0.000
prnaTaskA2	284	0.000	0.000
prnaTaskA2	287	0.000	0.000
prnaTaskA2	298	0.000	0.000
prnaTaskA2	305	0.000	2.000
prnaTaskA2	331	0.000	0.000
prnaTaskA2	339	0.000	0.000
prnaTaskA2	344	8.000	0.000
prnaTaskA2	353	0.000	0.000
prnaTaskA2	354	0.000	0.000
prnaTaskA2	359	0.000	7.000
prnaTaskA2	366	0.000	0.000
prnaTaskA2	377	0.000	0.000
prnaTaskA2	401	0.000	0.000
prnaTaskA2	409	0.000	0.000
prnaTaskA2	416	0.000	0.000
prnaTaskA2	419	0.000	0.000
prnaTaskA2	432	0.000	0.000
prnaTaskA2	439	0.000	0.000
prnaTaskA2	AVG	0.216	0.314
prnaTaskA3	227	0.000	0.000
prnaTaskA3	236	0.000	0.000
prnaTaskA3	242	0.000	0.000
prnaTaskA3	243	0.000	0.000
prnaTaskA3	246	2.000	2.000
prnaTaskA3	249	0.000	0.000
prnaTaskA3	253	0.000	2.000
prnaTaskA3	254	0.000	0.000
prnaTaskA3	260	0.000	0.000
prnaTaskA3	262	0.000	0.000
prnaTaskA3	267	0.000	0.000
prnaTaskA3	278	0.000	0.000
prnaTaskA3	284	0.000	0.000
prnaTaskA3	287	0.000	0.000
prnaTaskA3	298	0.000	0.000
prnaTaskA3	305	0.000	0.000
prnaTaskA3	331	0.000	0.000
prnaTaskA3	339	0.000	0.000
prnaTaskA3	344	7.000	0.000
prnaTaskA3	353	0.000	0.000
prnaTaskA3	354	0.000	0.000
prnaTaskA3	359	0.000	7.000
prnaTaskA3	366	0.000	0.000
prnaTaskA3	377	0.000	0.000
prnaTaskA3	400	0.000	0.000
prnaTaskA3	401	0.000	0.000
prnaTaskA3	409	0.000	0.000
prnaTaskA3	419	0.000	0.000
prnaTaskA3	432	0.000	0.000
prnaTaskA3	439	0.000	0.000
prnaTaskA3	AVG	0.176	0.216
QUBaseline	226	0.000	0.000
QUBaseline	236	0.000	0.000
QUBaseline	242	0.000	0.000
QUBaseline	243	0.000	0.000
QUBaseline	246	0.000	0.000
QUBaseline	248	0.000	0.000
QUBaseline	249	0.000	0.000
QUBaseline	253	0.000	0.000
QUBaseline	254	0.000	9.000
QUBaseline	255	0.000	0.000
QUBaseline	260	0.000	0.000
QUBaseline	262	1.000	0.000
QUBaseline	265	0.000	0.000
QUBaseline	267	0.000	0.000
QUBaseline	278	0.000	0.000
QUBaseline	284	0.000	0.000
QUBaseline	287	0.000	1.000
QUBaseline	298	0.000	0.000
QUBaseline	305	0.000	0.000
QUBaseline	324	0.000	0.000
QUBaseline	326	0.000	0.000
QUBaseline	331	1.000	7.000
QUBaseline	339	0.000	0.000
QUBaseline	344	0.000	0.000
QUBaseline	348	0.000	0.000
QUBaseline	353	0.000	0.000
QUBaseline	354	0.000	10.000
QUBaseline	359	0.000	9.000
QUBaseline	362	2.000	2.000
QUBaseline	366	0.000	0.000
QUBaseline	371	2.000	3.000
QUBaseline	377	0.000	0.000
QUBaseline	379	0.000	0.000
QUBaseline	383	0.000	0.000
QUBaseline	389	0.000	1.000
QUBaseline	391	0.000	0.000
QUBaseline	392	0.000	0.000
QUBaseline	400	0.000	0.000
QUBaseline	401	2.000	8.000
QUBaseline	405	0.000	0.000
QUBaseline	409	0.000	0.000
QUBaseline	419	0.000	0.000
QUBaseline	432	1.000	1.000
QUBaseline	434	0.000	0.000
QUBaseline	439	0.000	0.000
QUBaseline	AVG	0.176	1.000
QUDynExp	226	0.000	2.000
QUDynExp	236	0.000	0.000
QUDynExp	242	0.000	7.000
QUDynExp	243	0.000	0.000
QUDynExp	246	0.000	4.000
QUDynExp	248	0.000	7.000
QUDynExp	249	0.000	0.000
QUDynExp	253	0.000	6.000
QUDynExp	254	0.000	5.000
QUDynExp	255	0.000	8.000
QUDynExp	260	0.000	0.000
QUDynExp	262	0.000	10.000
QUDynExp	265	0.000	2.000
QUDynExp	267	0.000	0.000
QUDynExp	278	1.000	6.000
QUDynExp	284	0.000	9.000
QUDynExp	287	1.000	5.000
QUDynExp	298	1.000	0.000
QUDynExp	305	0.000	5.000
QUDynExp	324	0.000	0.000
QUDynExp	326	0.000	9.000
QUDynExp	331	1.000	9.000
QUDynExp	339	0.000	0.000
QUDynExp	344	0.000	0.000
QUDynExp	348	0.000	2.000
QUDynExp	353	0.000	0.000
QUDynExp	354	1.000	9.000
QUDynExp	357	0.000	0.000
QUDynExp	359	0.000	9.000
QUDynExp	362	2.000	4.000
QUDynExp	366	1.000	7.000
QUDynExp	371	1.000	8.000
QUDynExp	377	0.000	5.000
QUDynExp	379	0.000	2.000
QUDynExp	383	0.000	2.000
QUDynExp	384	0.000	0.000
QUDynExp	389	1.000	7.000
QUDynExp	391	0.000	0.000
QUDynExp	392	0.000	8.000
QUDynExp	400	0.000	0.000
QUDynExp	401	0.000	8.000
QUDynExp	405	0.000	0.000
QUDynExp	409	0.000	0.000
QUDynExp	419	0.000	0.000
QUDynExp	432	3.000	2.000
QUDynExp	434	0.000	2.000
QUDynExp	439	0.000	7.000
QUDynExp	AVG	0.255	3.451
QUDyn	226	0.000	5.000
QUDyn	227	0.000	0.000
QUDyn	236	0.000	0.000
QUDyn	242	4.000	2.000
QUDyn	243	0.000	2.000
QUDyn	246	1.000	7.000
QUDyn	248	0.000	7.000
QUDyn	249	0.000	0.000
QUDyn	253	0.000	6.000
QUDyn	254	0.000	6.000
QUDyn	255	0.000	8.000
QUDyn	260	0.000	1.000
QUDyn	262	0.000	10.000
QUDyn	265	0.000	8.000
QUDyn	267	0.000	0.000
QUDyn	278	2.000	4.000
QUDyn	284	0.000	9.000
QUDyn	287	1.000	5.000
QUDyn	298	0.000	2.000
QUDyn	305	0.000	6.000
QUDyn	324	0.000	0.000
QUDyn	326	1.000	5.000
QUDyn	331	2.000	8.000
QUDyn	339	0.000	1.000
QUDyn	344	1.000	4.000
QUDyn	348	0.000	2.000
QUDyn	353	0.000	0.000
QUDyn	354	1.000	9.000
QUDyn	357	0.000	0.000
QUDyn	359	0.000	10.000
QUDyn	362	3.000	4.000
QUDyn	366	1.000	2.000
QUDyn	371	3.000	5.000
QUDyn	377	0.000	1.000
QUDyn	379	0.000	2.000
QUDyn	383	0.000	2.000
QUDyn	384	0.000	0.000
QUDyn	389	1.000	6.000
QUDyn	391	0.000	0.000
QUDyn	392	0.000	6.000
QUDyn	400	0.000	2.000
QUDyn	401	2.000	6.000
QUDyn	405	0.000	0.000
QUDyn	409	0.000	0.000
QUDyn	419	0.000	0.000
QUDyn	432	0.000	4.000
QUDyn	434	0.000	2.000
QUDyn	439	1.000	6.000
QUDyn	AVG	0.471	3.431
SNACSA	226	0.000	10.000
SNACSA	227	0.000	0.000
SNACSA	228	0.000	0.000
SNACSA	236	0.000	0.000
SNACSA	242	1.000	9.000
SNACSA	243	3.000	7.000
SNACSA	246	6.000	3.000
SNACSA	253	0.000	10.000
SNACSA	254	0.000	10.000
SNACSA	255	0.000	0.000
SNACSA	262	5.000	1.000
SNACSA	265	3.000	7.000
SNACSA	267	0.000	10.000
SNACSA	278	0.000	5.000
SNACSA	284	4.000	4.000
SNACSA	287	5.000	1.000
SNACSA	298	1.000	0.000
SNACSA	305	0.000	0.000
SNACSA	326	0.000	0.000
SNACSA	339	0.000	0.000
SNACSA	344	10.000	0.000
SNACSA	348	0.000	0.000
SNACSA	353	0.000	0.000
SNACSA	354	0.000	8.000
SNACSA	357	0.000	0.000
SNACSA	359	1.000	6.000
SNACSA	362	4.000	0.000
SNACSA	366	5.000	5.000
SNACSA	371	4.000	1.000
SNACSA	379	0.000	0.000
SNACSA	384	0.000	5.000
SNACSA	389	1.000	1.000
SNACSA	391	1.000	1.000
SNACSA	392	0.000	8.000
SNACSA	400	4.000	4.000
SNACSA	401	5.000	3.000
SNACSA	405	0.000	0.000
SNACSA	416	0.000	0.000
SNACSA	419	0.000	2.000
SNACSA	432	1.000	1.000
SNACSA	434	4.000	4.000
SNACSA	439	1.000	0.000
SNACSA	448	0.000	0.000
SNACSA	AVG	1.353	2.471
SNACS_LA	227	0.000	0.000
SNACS_LA	228	0.000	0.000
SNACS_LA	242	1.000	6.000
SNACS_LA	243	1.000	1.000
SNACS_LA	246	6.000	4.000
SNACS_LA	248	0.000	0.000
SNACS_LA	255	0.000	0.000
SNACS_LA	262	0.000	0.000
SNACS_LA	265	1.000	7.000
SNACS_LA	278	0.000	1.000
SNACS_LA	284	2.000	3.000
SNACS_LA	287	0.000	0.000
SNACS_LA	298	0.000	0.000
SNACS_LA	305	0.000	0.000
SNACS_LA	339	0.000	0.000
SNACS_LA	344	2.000	0.000
SNACS_LA	348	0.000	0.000
SNACS_LA	354	0.000	7.000
SNACS_LA	357	0.000	0.000
SNACS_LA	366	3.000	5.000
SNACS_LA	371	0.000	0.000
SNACS_LA	379	0.000	0.000
SNACS_LA	384	0.000	0.000
SNACS_LA	391	0.000	0.000
SNACS_LA	392	0.000	0.000
SNACS_LA	400	0.000	0.000
SNACS_LA	401	6.000	0.000
SNACS_LA	416	0.000	0.000
SNACS_LA	419	0.000	0.000
SNACS_LA	434	7.000	1.000
SNACS_LA	448	0.000	0.000
SNACS_LA	AVG	0.569	0.686
udelRun1A	226	0.000	0.000
udelRun1A	227	0.000	0.000
udelRun1A	228	0.000	0.000
udelRun1A	236	0.000	0.000
udelRun1A	242	2.000	5.000
udelRun1A	243	3.000	5.000
udelRun1A	246	6.000	0.000
udelRun1A	248	0.000	0.000
udelRun1A	249	0.000	0.000
udelRun1A	253	0.000	2.000
udelRun1A	254	0.000	2.000
udelRun1A	255	0.000	8.000
udelRun1A	260	0.000	0.000
udelRun1A	262	0.000	0.000
udelRun1A	265	3.000	1.000
udelRun1A	267	0.000	0.000
udelRun1A	278	1.000	1.000
udelRun1A	284	0.000	1.000
udelRun1A	287	1.000	1.000
udelRun1A	298	1.000	5.000
udelRun1A	305	0.000	0.000
udelRun1A	324	0.000	0.000
udelRun1A	326	0.000	0.000
udelRun1A	331	0.000	2.000
udelRun1A	339	0.000	2.000
udelRun1A	344	7.000	0.000
udelRun1A	353	0.000	0.000
udelRun1A	354	2.000	3.000
udelRun1A	357	0.000	0.000
udelRun1A	359	0.000	2.000
udelRun1A	362	0.000	2.000
udelRun1A	366	0.000	0.000
udelRun1A	371	1.000	0.000
udelRun1A	377	0.000	0.000
udelRun1A	379	0.000	0.000
udelRun1A	389	0.000	0.000
udelRun1A	392	0.000	0.000
udelRun1A	400	0.000	0.000
udelRun1A	401	3.000	3.000
udelRun1A	405	0.000	0.000
udelRun1A	409	0.000	0.000
udelRun1A	416	0.000	0.000
udelRun1A	419	0.000	0.000
udelRun1A	432	0.000	0.000
udelRun1A	434	2.000	0.000
udelRun1A	439	0.000	0.000
udelRun1A	448	0.000	0.000
udelRun1A	AVG	0.627	0.882
udelRun2A	226	0.000	0.000
udelRun2A	227	0.000	0.000
udelRun2A	228	0.000	0.000
udelRun2A	236	0.000	0.000
udelRun2A	242	1.000	2.000
udelRun2A	243	5.000	2.000
udelRun2A	246	0.000	2.000
udelRun2A	248	0.000	0.000
udelRun2A	249	0.000	0.000
udelRun2A	253	0.000	0.000
udelRun2A	254	0.000	0.000
udelRun2A	255	0.000	4.000
udelRun2A	260	0.000	0.000
udelRun2A	262	0.000	0.000
udelRun2A	265	1.000	1.000
udelRun2A	267	0.000	0.000
udelRun2A	278	0.000	1.000
udelRun2A	284	0.000	0.000
udelRun2A	287	0.000	0.000
udelRun2A	298	0.000	2.000
udelRun2A	305	0.000	0.000
udelRun2A	324	0.000	0.000
udelRun2A	326	0.000	0.000
udelRun2A	331	0.000	0.000
udelRun2A	339	0.000	1.000
udelRun2A	344	0.000	0.000
udelRun2A	353	0.000	0.000
udelRun2A	354	1.000	1.000
udelRun2A	357	0.000	0.000
udelRun2A	359	0.000	2.000
udelRun2A	362	1.000	0.000
udelRun2A	366	0.000	0.000
udelRun2A	371	0.000	0.000
udelRun2A	377	0.000	0.000
udelRun2A	379	0.000	0.000
udelRun2A	389	0.000	0.000
udelRun2A	392	0.000	0.000
udelRun2A	400	0.000	0.000
udelRun2A	401	1.000	1.000
udelRun2A	405	0.000	0.000
udelRun2A	409	0.000	0.000
udelRun2A	416	0.000	0.000
udelRun2A	419	0.000	0.000
udelRun2A	432	0.000	0.000
udelRun2A	434	1.000	1.000
udelRun2A	439	0.000	0.000
udelRun2A	448	0.000	0.000
udelRun2A	AVG	0.216	0.392
udelRun3A	227	0.000	0.000
udelRun3A	228	0.000	0.000
udelRun3A	236	0.000	0.000
udelRun3A	242	2.000	0.000
udelRun3A	243	0.000	0.000
udelRun3A	246	3.000	5.000
udelRun3A	248	0.000	2.000
udelRun3A	249	0.000	0.000
udelRun3A	253	0.000	9.000
udelRun3A	254	0.000	2.000
udelRun3A	255	0.000	8.000
udelRun3A	260	0.000	0.000
udelRun3A	262	1.000	1.000
udelRun3A	265	0.000	1.000
udelRun3A	267	0.000	0.000
udelRun3A	278	2.000	5.000
udelRun3A	284	0.000	2.000
udelRun3A	287	1.000	5.000
udelRun3A	298	0.000	3.000
udelRun3A	305	0.000	0.000
udelRun3A	324	0.000	0.000
udelRun3A	326	0.000	1.000
udelRun3A	331	0.000	2.000
udelRun3A	339	0.000	5.000
udelRun3A	344	8.000	0.000
udelRun3A	348	0.000	0.000
udelRun3A	353	0.000	0.000
udelRun3A	354	1.000	3.000
udelRun3A	357	0.000	0.000
udelRun3A	359	0.000	2.000
udelRun3A	362	1.000	1.000
udelRun3A	366	1.000	0.000
udelRun3A	371	0.000	0.000
udelRun3A	377	0.000	0.000
udelRun3A	379	0.000	0.000
udelRun3A	383	0.000	10.000
udelRun3A	384	0.000	0.000
udelRun3A	389	0.000	0.000
udelRun3A	391	1.000	6.000
udelRun3A	392	0.000	0.000
udelRun3A	400	0.000	0.000
udelRun3A	401	1.000	9.000
udelRun3A	405	0.000	0.000
udelRun3A	409	0.000	0.000
udelRun3A	416	0.000	0.000
udelRun3A	419	0.000	0.000
udelRun3A	432	0.000	1.000
udelRun3A	434	0.000	0.000
udelRun3A	439	0.000	0.000
udelRun3A	448	0.000	0.000
udelRun3A	AVG	0.431	1.627
umd_hcil_run01	416	0.000	0.000
umd_hcil_run01	AVG	0.000	0.000
umd_hcil_run02	226	0.000	1.000
umd_hcil_run02	227	0.000	0.000
umd_hcil_run02	236	0.000	0.000
umd_hcil_run02	246	0.000	0.000
umd_hcil_run02	248	0.000	0.000
umd_hcil_run02	253	0.000	0.000
umd_hcil_run02	254	0.000	0.000
umd_hcil_run02	260	0.000	0.000
umd_hcil_run02	262	0.000	2.000
umd_hcil_run02	265	0.000	0.000
umd_hcil_run02	278	0.000	0.000
umd_hcil_run02	287	0.000	0.000
umd_hcil_run02	298	0.000	0.000
umd_hcil_run02	305	0.000	0.000
umd_hcil_run02	324	0.000	0.000
umd_hcil_run02	331	0.000	0.000
umd_hcil_run02	339	0.000	0.000
umd_hcil_run02	348	0.000	0.000
umd_hcil_run02	353	0.000	6.000
umd_hcil_run02	354	0.000	0.000
umd_hcil_run02	359	0.000	0.000
umd_hcil_run02	371	0.000	0.000
umd_hcil_run02	383	0.000	0.000
umd_hcil_run02	384	0.000	0.000
umd_hcil_run02	392	0.000	0.000
umd_hcil_run02	416	0.000	0.000
umd_hcil_run02	419	0.000	0.000
umd_hcil_run02	434	0.000	6.000
umd_hcil_run02	448	0.000	0.000
umd_hcil_run02	AVG	0.000	0.294
UWaterlooATDK	227	0.000	0.000
UWaterlooATDK	242	0.000	1.000
UWaterlooATDK	243	0.000	0.000
UWaterlooATDK	246	0.000	0.000
UWaterlooATDK	248	0.000	0.000
UWaterlooATDK	253	0.000	0.000
UWaterlooATDK	254	0.000	0.000
UWaterlooATDK	255	0.000	0.000
UWaterlooATDK	262	0.000	0.000
UWaterlooATDK	265	0.000	0.000
UWaterlooATDK	267	0.000	0.000
UWaterlooATDK	278	0.000	0.000
UWaterlooATDK	287	0.000	0.000
UWaterlooATDK	298	0.000	0.000
UWaterlooATDK	305	0.000	0.000
UWaterlooATDK	326	0.000	0.000
UWaterlooATDK	331	1.000	1.000
UWaterlooATDK	339	0.000	0.000
UWaterlooATDK	344	2.000	0.000
UWaterlooATDK	353	0.000	0.000
UWaterlooATDK	354	2.000	2.000
UWaterlooATDK	359	0.000	2.000
UWaterlooATDK	362	2.000	0.000
UWaterlooATDK	366	0.000	0.000
UWaterlooATDK	371	0.000	1.000
UWaterlooATDK	379	0.000	0.000
UWaterlooATDK	383	0.000	0.000
UWaterlooATDK	389	0.000	0.000
UWaterlooATDK	392	0.000	0.000
UWaterlooATDK	400	0.000	2.000
UWaterlooATDK	401	1.000	1.000
UWaterlooATDK	405	0.000	0.000
UWaterlooATDK	409	0.000	0.000
UWaterlooATDK	419	0.000	0.000
UWaterlooATDK	432	2.000	0.000
UWaterlooATDK	434	0.000	0.000
UWaterlooATDK	439	1.000	0.000
UWaterlooATDK	AVG	0.216	0.196
UWaterlooATEK	226	0.000	0.000
UWaterlooATEK	227	0.000	0.000
UWaterlooATEK	242	1.000	1.000
UWaterlooATEK	243	0.000	0.000
UWaterlooATEK	246	0.000	2.000
UWaterlooATEK	248	0.000	0.000
UWaterlooATEK	253	0.000	0.000
UWaterlooATEK	254	0.000	0.000
UWaterlooATEK	255	0.000	0.000
UWaterlooATEK	260	0.000	0.000
UWaterlooATEK	262	0.000	0.000
UWaterlooATEK	265	0.000	0.000
UWaterlooATEK	267	0.000	0.000
UWaterlooATEK	278	0.000	0.000
UWaterlooATEK	284	0.000	0.000
UWaterlooATEK	287	0.000	0.000
UWaterlooATEK	298	0.000	0.000
UWaterlooATEK	305	0.000	1.000
UWaterlooATEK	326	0.000	0.000
UWaterlooATEK	331	2.000	2.000
UWaterlooATEK	339	0.000	0.000
UWaterlooATEK	344	4.000	0.000
UWaterlooATEK	353	0.000	0.000
UWaterlooATEK	354	4.000	3.000
UWaterlooATEK	359	0.000	1.000
UWaterlooATEK	362	1.000	1.000
UWaterlooATEK	366	0.000	0.000
UWaterlooATEK	371	0.000	1.000
UWaterlooATEK	377	0.000	0.000
UWaterlooATEK	379	0.000	0.000
UWaterlooATEK	383	0.000	0.000
UWaterlooATEK	384	0.000	0.000
UWaterlooATEK	389	0.000	1.000
UWaterlooATEK	392	0.000	0.000
UWaterlooATEK	400	0.000	2.000
UWaterlooATEK	401	2.000	0.000
UWaterlooATEK	405	0.000	0.000
UWaterlooATEK	409	0.000	0.000
UWaterlooATEK	419	0.000	0.000
UWaterlooATEK	432	2.000	0.000
UWaterlooATEK	434	0.000	1.000
UWaterlooATEK	439	1.000	0.000
UWaterlooATEK	AVG	0.333	0.314
UWaterlooATNDEK	226	0.000	0.000
UWaterlooATNDEK	227	0.000	2.000
UWaterlooATNDEK	228	0.000	0.000
UWaterlooATNDEK	242	1.000	1.000
UWaterlooATNDEK	243	0.000	0.000
UWaterlooATNDEK	246	0.000	2.000
UWaterlooATNDEK	248	0.000	0.000
UWaterlooATNDEK	253	0.000	0.000
UWaterlooATNDEK	254	0.000	0.000
UWaterlooATNDEK	255	0.000	0.000
UWaterlooATNDEK	260	0.000	0.000
UWaterlooATNDEK	262	0.000	0.000
UWaterlooATNDEK	265	0.000	0.000
UWaterlooATNDEK	267	0.000	0.000
UWaterlooATNDEK	278	0.000	0.000
UWaterlooATNDEK	284	0.000	0.000
UWaterlooATNDEK	287	0.000	0.000
UWaterlooATNDEK	298	0.000	0.000
UWaterlooATNDEK	305	0.000	1.000
UWaterlooATNDEK	324	0.000	0.000
UWaterlooATNDEK	326	0.000	0.000
UWaterlooATNDEK	331	0.000	6.000
UWaterlooATNDEK	339	0.000	0.000
UWaterlooATNDEK	344	5.000	0.000
UWaterlooATNDEK	353	0.000	0.000
UWaterlooATNDEK	354	4.000	0.000
UWaterlooATNDEK	359	1.000	3.000
UWaterlooATNDEK	362	1.000	1.000
UWaterlooATNDEK	366	0.000	0.000
UWaterlooATNDEK	371	0.000	1.000
UWaterlooATNDEK	377	0.000	0.000
UWaterlooATNDEK	379	0.000	0.000
UWaterlooATNDEK	383	0.000	0.000
UWaterlooATNDEK	384	0.000	0.000
UWaterlooATNDEK	389	0.000	1.000
UWaterlooATNDEK	392	0.000	0.000
UWaterlooATNDEK	400	2.000	3.000
UWaterlooATNDEK	401	2.000	0.000
UWaterlooATNDEK	405	0.000	0.000
UWaterlooATNDEK	409	0.000	0.000
UWaterlooATNDEK	419	0.000	0.000
UWaterlooATNDEK	432	2.000	0.000
UWaterlooATNDEK	434	0.000	1.000
UWaterlooATNDEK	439	1.000	0.000
UWaterlooATNDEK	AVG	0.373	0.431
UWCMBP1	226	0.000	0.000
UWCMBP1	228	0.000	0.000
UWCMBP1	236	0.000	0.000
UWCMBP1	242	0.000	2.000
UWCMBP1	243	0.000	0.000
UWCMBP1	246	5.000	1.000
UWCMBP1	248	0.000	0.000
UWCMBP1	249	0.000	0.000
UWCMBP1	253	0.000	2.000
UWCMBP1	254	0.000	0.000
UWCMBP1	255	0.000	1.000
UWCMBP1	260	0.000	5.000
UWCMBP1	262	2.000	0.000
UWCMBP1	265	0.000	0.000
UWCMBP1	267	0.000	0.000
UWCMBP1	278	0.000	0.000
UWCMBP1	284	0.000	0.000
UWCMBP1	287	0.000	1.000
UWCMBP1	298	0.000	2.000
UWCMBP1	305	0.000	1.000
UWCMBP1	324	0.000	0.000
UWCMBP1	326	0.000	0.000
UWCMBP1	331	3.000	4.000
UWCMBP1	339	0.000	0.000
UWCMBP1	344	6.000	0.000
UWCMBP1	348	0.000	0.000
UWCMBP1	353	0.000	0.000
UWCMBP1	354	1.000	1.000
UWCMBP1	359	0.000	5.000
UWCMBP1	362	0.000	0.000
UWCMBP1	366	0.000	0.000
UWCMBP1	371	0.000	0.000
UWCMBP1	377	0.000	2.000
UWCMBP1	379	0.000	0.000
UWCMBP1	383	0.000	1.000
UWCMBP1	384	0.000	2.000
UWCMBP1	389	0.000	0.000
UWCMBP1	391	1.000	1.000
UWCMBP1	392	0.000	0.000
UWCMBP1	400	0.000	0.000
UWCMBP1	401	2.000	0.000
UWCMBP1	409	0.000	0.000
UWCMBP1	419	0.000	0.000
UWCMBP1	432	0.000	0.000
UWCMBP1	434	1.000	6.000
UWCMBP1	439	0.000	0.000
UWCMBP1	448	0.000	0.000
UWCMBP1	AVG	0.412	0.725
UWCMBP2	226	0.000	2.000
UWCMBP2	227	0.000	0.000
UWCMBP2	228	0.000	0.000
UWCMBP2	236	5.000	2.000
UWCMBP2	242	1.000	6.000
UWCMBP2	243	1.000	1.000
UWCMBP2	246	2.000	5.000
UWCMBP2	248	0.000	10.000
UWCMBP2	249	0.000	1.000
UWCMBP2	253	0.000	9.000
UWCMBP2	254	0.000	2.000
UWCMBP2	255	0.000	2.000
UWCMBP2	260	0.000	9.000
UWCMBP2	262	4.000	4.000
UWCMBP2	265	0.000	0.000
UWCMBP2	267	0.000	0.000
UWCMBP2	278	0.000	1.000
UWCMBP2	284	0.000	0.000
UWCMBP2	287	0.000	2.000
UWCMBP2	298	0.000	7.000
UWCMBP2	305	0.000	6.000
UWCMBP2	324	0.000	2.000
UWCMBP2	326	0.000	0.000
UWCMBP2	331	0.000	2.000
UWCMBP2	339	0.000	1.000
UWCMBP2	344	6.000	1.000
UWCMBP2	348	2.000	5.000
UWCMBP2	353	0.000	8.000
UWCMBP2	354	2.000	1.000
UWCMBP2	357	0.000	0.000
UWCMBP2	359	0.000	6.000
UWCMBP2	362	0.000	0.000
UWCMBP2	366	1.000	4.000
UWCMBP2	371	0.000	0.000
UWCMBP2	377	0.000	7.000
UWCMBP2	379	0.000	0.000
UWCMBP2	383	0.000	8.000
UWCMBP2	384	0.000	2.000
UWCMBP2	389	0.000	2.000
UWCMBP2	391	0.000	0.000
UWCMBP2	392	0.000	0.000
UWCMBP2	401	3.000	4.000
UWCMBP2	405	0.000	0.000
UWCMBP2	409	0.000	1.000
UWCMBP2	416	0.000	2.000
UWCMBP2	419	1.000	4.000
UWCMBP2	434	0.000	8.000
UWCMBP2	439	0.000	0.000
UWCMBP2	448	0.000	3.000
UWCMBP2	AVG	0.549	2.745
